Library,Composer,Arranger,Title,Drawer,Envelope,Copies,Type,Publisher,PerformanceDate,PlayingTime,Score,Comments
Marching Band,"Adam, A.",Laurendeau,Cantique de Noel,1,1-40,,Christmas,Fischer,,,"Cornet, baritone, or trombone solo",
Marching Band,Adderly & Brown Jr.,Moffit,Work Song march,11,2-462,,Marching band,Leonard,,,,
Marching Band,"Adler, Richard",,In the driver's seat,10,2-403,,,Richard adler,,,,
Marching Band,Adler-rose,Hill,Hernando's Hideaway,9,2-277,,Pop,Frank,,,,
Marching Band,Akers,,Berkshire Hills,Wksh 15,3-96,,Overture,Bourne,,,,
Marching Band,Alexander,,Colossus of Columbia,5,2-30,,March,Barnhouse,,,,
Marching Band,Alford,,By Land and Sea,5,2-19,,March-ceremonial,Boosey & Hawkes,,,,
Marching Band,Alford,,Colonel Bogey,5,2-29,,Concert march,Boosey & Hawkes,,,,
Marching Band,Alford,,Dunedin,8,2-252,,Concert march,Boosey & Hawkes,,,,
Marching Band,Alford,,Glory of the Gridiron,5,2-50,,March,FitzSimons,,,,
Marching Band,"Alford, H",,Purple Carnival,6,2-113,,March,"Schirmer, G.",,,,
Marching Band,"Alford, Harry",,Call of the elk,5,2-20,,March,Alford,,,,
Marching Band,"Alford, K",,Vanished Army,7,2-154,,Concert march,Boosey & Hawkes,,,,
Marching Band,Allen/Sheafe,Yoder,Washington & Lee Swing,11,2-479,,,,,,,
Marching Band,"Allison, W.A.",,Unitas,10,2-368,,Quick march,R. Smith & co.,,,,
Marching Band,"Anderson, Leroy","Lang, Phillip",Promenade,2,1-72,,,Mills,,3:00,Cond.,
Marching Band,"Anderson, Leroy",,Ticonderoga,7,2-145,,March,Mills,,,,
Marching Band,Anthony,,Trumpet boogie,10,2-352,,Pop,Leonard,,,,
Marching Band,"Arberg, H.W.",Haufrecht,"Army Goes Rolling Along, the (Caissons)",9,2-289,,March,Broadcast,,,,
Marching Band,"Arlen, Harlod",Moffit,I love a parade,10,2-394,,,Harms,,,Full,
Marching Band,Arnold,Warrington,Children's marching song,9,2-298,,March,Miller,,,"(Nick, Nack, Paddy Whack)",
Marching Band,Auken,,Block Band Jazz,10,2-348,,,Leonard,,,,
Marching Band,Auken,,Down by the riverside,10,2-343,,Jazz march,Leonard,,,,
Marching Band,"Auken, Van",,Mambo Marcho,9,2-280,,Pop,Leonard,,,,
Marching Band,"Auken, Van",,Rockin' Rhythm,9,2-344,,Swing-march,Leonard,,,,
Marching Band,"Auken, Van",,Swingin' on Parade,10,2-347,,,Leonard,,,,
Marching Band,"Auken, Van",,Tailgate ramble,3,1-160,,,,,,,
Marching Band,Axton,Holcombe & Nowak,Joy to the world,12,2-471,,Marching band,J.W. Pepper 7 Pon,,,,
Marching Band,Bach,Lang,Air From suite in D,Wksh 13,3-17,,,Schirmer,,,Full,
Marching Band,Bach,Leidzen,Kom Susser tod,1,1-46,,Chorale,,,,"Transcription ""come sweet death"" CF # V1635",
Marching Band,Bach,Mairs,Christ Lay in Bonds of Death,wksh 15,3-128,,Chorale,Bourne,,,,
Marching Band,Bach,Whitney,In thee is Gladness,Wksh 14,3-94,,Chorale,Bourne,,,Full,
Marching Band,"Bach, Beethoven, Brahms",Erickson,"Three B's, The",Wksh 14,3-81,,Suite,Bourne,,,,
Marching Band,"Bach, J.Christian",Lake,Marche Noble,2,1-54,,Processional March,Ludwig,,,Cond.,
Marching Band,"Bach, J.S.",Erickson,"Chaconne, fr, Partita no. 2, in d mio., for vn.",17,3-225,,,Bourne,,8:30,Full,
Marching Band,"Bach, Schumann",,Two Chorales,15,3-113,,,Bourne,,,,
Marching Band,Backer,,I'd like to buy the world a coke,11,2-460,,Marching band,Leonard,,,,
Marching Band,Backer/Griffith,Edmondson,Welcome to Miller Time,12,2-494,,,Miller,,,,
Marching Band,Baley,,National Emblem,6,2-94,,March,Jacobs,,,,
Marching Band,Band book,"Hall, R.B.",RBH,,Cab. 6,,March Folio,Fischer,,,,
Marching Band,Barr,,Rhumba for Trumpet,16,3-162,,Solo,Bourne,,,Full,
Marching Band,Barth,,Frat,5,2-46,,Pep song,Sam Fox,,,2nd copy;/Frat/Sabre & spurs,
Marching Band,Bauduc,Yoder,South Rampart Street parade,8,2-209,,Jazz,Feist,,,,
Marching Band,Beadell,,Song of Normandy,16,3-180,,,Belwin,,,,
Marching Band,Bell/Kool & the gang,"Burden, James",Celebration,12,2-502,,,Columbia Pictures Pub.,,,,
Marching Band,"Bellstedt, Herman",Simon,Napoli,2,1-68,,Cornet & band,Simon,,,,
Marching Band,Benjamin & Duncan,,Six Ceremonial Fanfares,10,2-369,,Fanfares,Boosey & Hawkes,,,,
Marching Band,Bennett,,Concord,5,2-32,,March,Fillmore,,,,
Marching Band,Bennett,,Pigskin Pageant,6,2-111,,March,Fischer,,,,
Marching Band,"Bennett, H.",,Military Escort,9,2-307,,March,Fillmore,,,,
Marching Band,Bergh,Lake,Pledge of Allegiance to the Flag,8,2-194,,March w/ vocal parts,Fox,,,,
Marching Band,Berlin,Lake,Alexander's Ragtime band,7,2-168,,Pop,Berlin,,,,
Marching Band,Berlin,Leidzen,God Bless America,8,2-197,,Patriotic,Berlin,,,,
Marching Band,Berlioz,Erickson,March of the pilgrims,17,3-196,,,Belwin,,,,
Marching Band,Bibo,Yoder,Stanford Scalp Song,7,2-162,,School Song,Robbins,,,,
Marching Band,Bikvich,,"Earth, wind & fire",12,2-508,,,Manuscript,,,,
Marching Band,Bilik,,American Civil War fantasy,18,3-242,,Wkshop,Southern Music,,,Full,
Marching Band,Billingsley,,Fanfare #1,9,2-281,,Football,MS,,,,
Marching Band,Billingsley,,Fight song coda,10,2-395,,,,,,,
Marching Band,"Bishop, H.R.","Lax, Fred","Lo, Hear the gentel lark",2,1-50,,Flute/clarin/duet w/ band,Fischer,,,From Gilmore's band library,
Marching Band,"Blankenburg, H.L.",Winter,Gladiator's Farewell,10,2-370,,March,Boosey & Hawkes,,,,
Marching Band,"Bloom, Rube",Bennett,Song of the Bayou,Wksh 17,3-199,,,Leo Feist,,5:23,w/ wout/vocal,
Marching Band,"Bloomquist, Clarence",Ruhl,Freedom Victory march,Wksh 15,3-125,,March,Ziegler,,,,
Marching Band,Bodher,Klump,The '76 March,11,2-445,,,,,,,
Marching Band,Bonner/Gordon,,Happy together,10,2-414,,,,,,,
Marching Band,"Bono, S",Leonard,The beat goes on,10,2-419,,,,,,,
Marching Band,Booher,Klump,My America,11,2-444,,,,,,,
Marching Band,Boorn,,Queen City,6,2-115,,March,Fillmore,,,,
Marching Band,Borland,,Coronation Fanfare,10,2-359,,Fanfare,,,,,
Marching Band,Boskerck,Heine,Semper Paratus,8,2-224,,March,Fox,,,Square dance medley reverse side,
Marching Band,Bowles,,Frankie & Jonny a Go-Go,11,2-480,,,,,,,
Marching Band,Brahms,eymann,Symphony #3 (themes),16,3-190,,,Belwin,,,,
Marching Band,Brockenshire,,Captain anderson,5,2-21,,March,Fischer,,,,
Marching Band,Brockenshire,,Cavalry soldier,5,2-22,,March,Fischer,,,,
Marching Band,Brockenshire,,Glory of the Trumpets,5,2-51,,March,Fischer,,,,
Marching Band,Brown,Briegel,Beer barrel polka,7,2-169,,Dance-pop,Shapiro Bernstein,,,,
Marching Band,Brown,Caruso,Temptation,10,2-398,,,MS,,,,
Marching Band,Bunnell,Tatgenhorst,A Horse with no name,11,2-474,,Marching band,W.B. music Corp.,,,,
Marching Band,Burt,Dapp,King of the Highway,6,2-73,,March,,,,,
Marching Band,Cacauas/Wood,moffit,Discover America,10,2-405,,,Leonard,,,w/ Halftinia Show,
Marching Band,Cacavas,,Aria for Winds,16,3-163,,,Bourne,,,,
Marching Band,Cacavas,,Ballet Song,Wksh 14,3-79,,,Bourne,,,Full,
Marching Band,Cacavas,,Ceremony for Winds,16,3-146,,,Bourne,,,,
Marching Band,Cacavas,,Five Fanfares,15,3-140,,Fanfare,Bourne,,,,
Marching Band,Cacavas,,Gallant Boulvevardier,15,3-129,,Concert march,Bourne,,,,
Marching Band,Cacavas,,Grecian Theme  & Dance,15,3-143,,,Bourne,,,Full,
Marching Band,Cacavas,,Matador,15,3-97,,,Bourne,,,Full,
Marching Band,Cacavas,,Mister Varsity,Wksh 15,3-122,,Quickstep March,Bourne,,,,
Marching Band,Cacavas,,Mister Varsity,18,3-257,,March,Bourne,,,Cond.,
Marching Band,Cacavas,,Starburst,Wksh 15,3-131,,March,Bourne,,,,
Marching Band,Cacavas,,Starburst,15,3-131,,March,Bourne,,,,
Marching Band,"Cacavas, John",,Gallent Boulevardier,Wksh 15,3-129,,Concert March,Bourne,,,,
Marching Band,Cameron,Moffit,Road Runner Theme,11,2-465,,Marching Band,Warner Bros.,,,,
Marching Band,"Capua, Di","Alford, H","Maria, Mari!",6,2-85,,Nov. Concert march,Kjos,,,,
Marching Band,Carnes,,Alaska Amrch,10,2-350,,,Carnes,,,,
Marching Band,Carter,,Overture For winds,,3-32,,,Bourne,,,Full,
Marching Band,Carter,,Overture in Eb,16,3-164,,,Bourne,,,Full,
Marching Band,Carter,,Seminole Stomp,Wksh 15,3-120,,Jazz,Bourne,,,Ugh!,
Marching Band,Castillo/Kupka,Evans,So very hard to go,8,2-210,,,,,,,
Marching Band,Cetera/Pankow,Edmondson,Fellin' stronger every dy,8,2-201,,,,,,,
Marching Band,Chabrier,Irons,Espana,Wksh 14,3-86,,Overture,Belwin,,,Full,
Marching Band,Chambers,Roberts,"Adeste Fidelis, March Religious",8,2-242,,X-mas march,Fischer,,,,
Marching Band,Chambers,Roberts,March Religioso,8,2-242,,Mardh,Fischer,,,,
Marching Band,Chambers,Roberts,Onward Christian soldiers (march religious),8,2-242,,March,Fischer,,,,
Marching Band,Chambers,,Hostrauser's Amrch,6,2-65,,March,Church,,,,
Marching Band,Chaplin,Cacavas,Terry Theme,14,3-73,,,Bourne,,,,
Marching Band,"Chaplin, Turner, Parsons","Cacavas, John",Smile,9,2-334,,,Bourne,,,,
Marching Band,Chattaway,,Rodeo,,3-268,,,William allen,,,,
Marching Band,Chenoweth,,Hail Varsity,9,2-318,,,,,,,
Marching Band,Cheyette,,The Whistler's march,Wksh 15,3-136,,March,Pro-Art,,,Simple,
Marching Band,Chopin,,Funeral March,8,2-198,,March,Fish,,,,
Marching Band,Christensen,Barngrover,"America, Let freedom Ring",11,2-450,,,,,,,
Marching Band,Christensen,Leonard,Procession to the Planets,11,2-448,,,,,,,
Marching Band,"Clarke, Herbert l.",,Flirtations,1,1-37,,,Fillmore,,,Cornet trio & band,
Marching Band,"Clarke, Herbert L.",,Stars in Velevety Sky,2,1-85,,,Fischer,,3:30,"Cornet, trombone, or Baritone solo",
Marching Band,"Clarke, Herbert l.",,The Debutant,1,1-30,,Caprice Brillante,Fischer,,,Cornet solo,
Marching Band,Codina,,Zacatecas,7,2-160,,Mexican march,Fischer,,,,
Marching Band,Cofield,,Coeur D' Alene Overture,Wksh 16,3-177,,,Leonard,,,,
Marching Band,Cofield,,Rock Right on,11,2-459,,Marching Band,Leonard,,,,
Marching Band,Cohan,Erickson,Yankee Doodle Boy,16,3-183,,,Belwin,,,,
Marching Band,"Coleman, Eryan",Alpert,Tijuana taxi,10,2-379,,,Leonard,,,,
Marching Band,Constantino,,Warwick,18,3-238,,Workshop,Bourne,,,,
Marching Band,Corelli,Gordon,Sarabande & Garotte,Wksh 14,3-90,,Classical,Bourne,,,From concerto Grosso #8,
Marching Band,Corelli,Suchoff,Dance Suite for Band,16,3-169,,,Bourne,,,2 mvt. Sarabande - Allegro,
Marching Band,Cornell,,On the street,6,2-105,,March,Belwin,,,,
Marching Band,Cosby/Moy/Wonder,,Uptight,10,2-412,,,,,,,
Marching Band,"Crawford, Robert","Bennett, David",The army air corps,5,38026,,March,Fischer,,,,
Marching Band,Cummings,,Holiday march,6,2-62,,March,Kjos,,,,
Marching Band,Darcy,,Trio for Trumpets,Wksh 15,3-144,,"Tpts, & Band",Bourne,,,,
Marching Band,Darcy,,With Flags Unfurled,Wksh 15,3-116,,Concert March,Bourne,,,,
Marching Band,Davis -Mitchell,Leonard,You are my sunshine,8,2-217,,Pop,Leonard,,,,
Marching Band,"Davis, Albert",,Fantasie on the danish Theme,Wksh 18,3-241,,,Byron-Douglas,,,,
Marching Band,De Lamater,,Little Brown Jug,7,2-171,,Pop,Rubank,,,,
Marching Band,Debussy,Erickson,Reveries,16,3-195,,,Belwin,,,,
Marching Band,"Debussy, Claude","Weiss, Anton",The girl with the flaxen hair,1,1-38,,Prelude,,,,"Extract from ""preludes, Book I""",
Marching Band,Della Cese,,"Little English Girl, the",3,1-151,,Symp. March,O.Pagani & Bro.,,,,
Marching Band,Dill,Briegel,Synocracy,11,2-441,,,,,,,
Marching Band,"Dodd, James","Moffit, Bill",Mickey Mouse March,12,2-495,,,,,,,
Marching Band,"Dreyer, Ruby",Carter,Cecilia,9,2-331,,,Bourne,,,,
Marching Band,Duble,,Circus King,9,2-318,,,,,,,
Marching Band,Elbel,,"Voctors, the",7,2-164,,March,Melrose,,,,
Marching Band,"Ellington, Duke",Yoder,Rhythmoods,2,1-80,,Modern medley,Mills,,,Cond.,"Sophisticated lady, mood Indigo, Black & tan Fantasy"
Marching Band,English,,Royal Decree,9,2-264,,March,Barnhouse,,,,ARMY ROTC
Marching Band,Erickson,,Balladair,Wksh 13,3-36,,,Bourne,,,Full,
Marching Band,Erickson,,Beaded Belts,Wksh 15,3-111,,Concert March,Bourne,,,,
Marching Band,Erickson,,Black Canyon of the Gunnison,Wksh 14,3-88,,Tone Poem,Bourne,,,Full,
Marching Band,Erickson,,Chaconne,16,3-166,,,Bourne,,,Full,
Marching Band,Erickson,,Chorale & fugato,15,3-108,,,Bourne,,,Full,
Marching Band,Erickson,,Deep River Suite,Wksh 15,3-101,,Suite,Bourne,,7:10,,
Marching Band,Erickson,,Fantasy for Band,Wksh 14,3-77,,,Bourne,,,Full,
Marching Band,Erickson,,First Symp. For Band,15,3-107,,,Bourne,,,Full,
Marching Band,Erickson,,Golden Gate,16,3-150,,Overture,Bourne,,,Full,
Marching Band,Erickson,,Gridiron Pageant,Wksh 15,3-123,,Quickstep March,Bourne,,,,
Marching Band,Erickson,,Irish Folk Song Suite,Wksh 13,3-19,,Suite,Bourne,,,,
Marching Band,Erickson,,Keynoter,15,3-132,,March,Bourne,,,,
Marching Band,Erickson,,Keynotes,Wksh 15,3-132,,March,Bourne,,,,
Marching Band,Erickson,,Legendary Air,Wksh 13,3-4,,,Bourne,,,,Missing FL & TRBI parts
Marching Band,Erickson,,Norwegian Folk song Suite,Wksh 13,3-26,,Suite,Bourne,,,,
Marching Band,Erickson,,Overture for Billy,15,3-106,,,Bourne,,,Full,
Marching Band,Erickson,,Scherzo for Band,Wksh 16,3-149,,,Bourne,,,Full,
Marching Band,Erickson,,Soliloquy,Wksh 16,3-151,,,Bourne,,,Full,
Marching Band,Erickson,,Tamerlane,Wksh 14,3-83,,,Bourne,,,,
Marching Band,"Erickson, Davis, Reed",,A Nordic trilogy,17,3-227,,,Byron-Douglas,,,Full,
Marching Band,"Erickson, Frank",,Alla Marcia,17,3-221,,,Bourne,,4:30,Full,
Marching Band,"Erickson, Frank",,Neo-Classic Suite,17,3-229,,Suite,Bourne,,,Full,
Marching Band,"Erickson, Frank",,Rondo Giocoso,Wksh 17,3-220,,,Bourne,,7:30,Full,
Marching Band,Farrar,Ahronheim,You're the one that I want,12,2-509,,,Stigwood,,,,
Marching Band,Farrar,,Bombasto,5,2-16,,March,Fischer,,,,
Marching Band,"Fillmore, H",Nine,Americans We,2-311,,,,,,,,
Marching Band,"Fillmore, H",,Circus Bee,9,2-317,,,,,,,
Marching Band,"Fillmore, H",,Footlifter,5,2-44,,March,Fillmore,,,,
Marching Band,"Fillmore, H",,His Hono,5,2-60,,March,Fillmore,,,,
Marching Band,"Fillmore, H",,"Klaxon, The",6,2-74,,March,Fillmore,,,,
Marching Band,"Fillmore, H",,Lassus Trombone,9,2-303,,,,,,,
Marching Band,Fink,,City Guardians,5,2-27,,March,Volkwein,,,,
Marching Band,Finlayson,,Flash of Crimson,9,2-325,,,,,,,
Marching Band,Finlayson,,Storm King,6,2-119,,March,Boosey & Hawkes,,,,
Marching Band,Fogarty,Yoder,Saturday afternoons,9,2-339,,,Keys-Hansen,,,,
Marching Band,Foster,Heine,"Oh, Susanna",8,2-224,,,Fox,,,,
Marching Band,Foster,McLeod,"Oh, Susanna",8,2-201,,,Schmitt,,,,
Marching Band,Fox/Robbin,Kenny,Wide world of sports,10,2-421,,,,,,,
Marching Band,"Franck, Cesar","Wilson, George",Panis Angelicus,2,1-71,,,Fischer,,3:00,Cond,
Marching Band,Frangkiser,,Honor Bright,16,3-187,,,Belwin,,,,
Marching Band,Frangkiser,,Telecast Overture,Wksh 15,3-132,,Overture,Belwin,,,,
Marching Band,Fred,,Country dance,Wksh 24,3-72,,Dance,Belwin,,,Full,
Marching Band,friedman,leidzen,Down the field,5,2-38,,March,Feist,,,,
Marching Band,"Friend, Clare, Brown",Osterling,Then I'll Be happy,9,2-320,,,,,,,
Marching Band,Friml,Schoenfeld,March of the Musketeers,10,2-84,,Concert march,Harms,,,,
Marching Band,Frontiere,,Hang'em High,11,2-427,,,,,,,
Marching Band,Fucik-Laurendeau,Seredy,Thunder & Blazes,7,2-143,,March,Fischer,,,,
Marching Band,"Gershwin, George",Billingsley,Show Business,9,2-293,,Football,MS,,,,
Marching Band,"Gershwin, George",Halle,Strike up the band,8,2-192,,Pop,Harms,,,,
Marching Band,"Gershwin, George",Moffit,But Not For Me,10,2-390,,,New World Music,,,Full,
Marching Band,"Gershwin, George",Moffit,Swannee,10,2-392,,,New Wold Music,,,Full,
Marching Band,"Gershwin, George",Watson,the little Rhapsody in Blue,2,1-79,,,Harms,,3:15,Cond.,No Piano
Marching Band,"Gershwin, George",,Strike up the band for UCLA,2,1-88,,Military fox trot,Harms,,,,w/ strings
Marching Band,Gill,,Anthes March,5,2-8,,March,Star,,,,
Marching Band,Gimbel/Fox,Hill,Happy days,11,2-440,,,,,,,
Marching Band,Giovannini,Powers,Alla Barocco,11,2-470,,Marching band,Sam Fox,,,,
Marching Band,Giovannini,,Overture in Bb,17,3-234,,Workshop,Sam Fox,,,Full,
Marching Band,Goldman,Lake,On the Mall,6,2-103,,March,Fischer,,,,
Marching Band,Goldman,Leidzen,Patience & Fortitude,6,2-110,,March,Fischer,,,,
Marching Band,Goldman,,Cherokee,5,2-23,,March,Fischer,,,,
Marching Band,Goldman,,Golden gate,5,2-52,,March,Belwin,,,,
Marching Band,Goldman,,On the hudson,9,2-265,,Concert march,Templeton,,,,Amry rotc
Marching Band,"Goldman, Edwin Franco",,Kindergarten March,1,1-49,,Fantasy,Mills,,,Cond.,
Marching Band,"Goldman, Edwin Franco",,Shenandoah,7,2-123,,March,Schirmer,,,,
Marching Band,"Goldmark, Carl",Lake,In the garden,1,1-45,,Selection,,,,Cond.,"From ""rural wedding sym"""
Marching Band,"Goldmark, Gold",Laurendeau,Bridal Song,1,1-15,,Intermezzo,,,3:00,Cond.,"from ""Rural Wedding Symphony"""
Marching Band,"Gould, Morton",Yoder,Pavanne,2,1-76,,Dance,Mills,,,Cond,2nd mvt. Of American Symphonette #2
Marching Band,Grafulla,,Washington Greys,7,2-155,,March,Fischer,,,,
Marching Band,Graham,,Little Mo,WK 15,3-118,,Overture,Pro-Art,,,,
Marching Band,"Granados, Enrique",Gordon,"Last Paven, The",16,3-176,,,Sam Fox,,,,
Marching Band,Green,Bukvich,Chromatic Fox trot,,839,,Xylphone solo w. accomp.,,,,,
Marching Band,Hadel,Gordon,Two 18th Century dances,15,3-147,,,Bourne,,,Full,
Marching Band,Hall,Eisenberg,Eyes of texas,7,2-182,,Medley,Volkwein,,,,
Marching Band,Hall,,Independentia,6,2-68,,March,Fischer,,,,
Marching Band,Hall,,New Colonial March,6,2-98,,March,Church,,,,
Marching Band,Hall,,Officer of the Day,6,2-99,,March,Lyon & Healy,,,,
Marching Band,Hall,,SIBA,7,2-126,,March,Fischer,,,,
Marching Band,"Hamm, Be-nett, Lown, Gray","Cacavas, John","Bye, Bye Blues",9,2-326,,,Bourne,,,,
Marching Band,Handel,Malin,Water music,1,1-1,,Orchestral Exerpt,Boosey & Hawkes,,,,
Marching Band,"Handel, G.F.","Malin, Don",Allegro maestoso,1,1-1,,Exerpt,Boosey & Hawkes,,Cond,"from \""Water Music\""",
Marching Band,Handy,Cooke,Let us cheer the weary traveler,11,2-447,,,,,,,
Marching Band,Handy - Gray,Burgett,St. louis Blues march,8,2-191,,March,Handy,,,,
Marching Band,Harline,Beeler,When you wish upon a star,14,3-70,,,Bourne,,,Full,
Marching Band,"Hartford, J.",,Gentle on my mind,10,2-416,,,,,,,
Marching Band,Hathaway,,Short'nin' Bread special,Wksh 15,3-115,,Novelty,Bourne,,,,
Marching Band,"Havlicek, Lumir",,Sunset Trail,17,3-209,,Overture,Belwin,,,,
Marching Band,Hayes,,Necoid,6,2-97,,March,fillmore,,,,
Marching Band,Helbig,,Introduction & Tango,Wksh 14,3-80,,,Bourne,,3:30,,
Marching Band,Helbig,,Short Piece for Band,Wksh 14,3-92,,Concert,Bourne,,2:30,Full,
Marching Band,Herbert,Leidzen,Cosmopolitan,5,2-33,,March,Feist,,,,
Marching Band,Herfurth,,Mexian Dance,15,3-112,,,Bourne,,,,
Marching Band,Herfurth,,Overture Moderne,15,3-109,,,Bourne,,,,
Marching Band,Herfurth,,Triumphaht,wksh 15,3-127,,Processional,Bourne,,,Full,
Marching Band,"Herfuth, Paul",,Mexican dance,Wksh 15,3-112,,,Bourne,,,,
Marching Band,"Herfuth, Paul",,Old Time waltz Medley,15,3-114,,Elementary,Bourne,,,,
Marching Band,Hill,,Hand Me Down My Walking Cane,Wksh 15,3-126,,Swing Novelty,Bourne,,,,
Marching Band,"Hill, William",,Men of Custer,35,541,,Symp. March,Byron-Douglas,,,Cond,Workshop
Marching Band,Hoisington,Alford,"Liberator, the",6,2-75,,March,Hoisington,,,,
Marching Band,Holland/Dozier/Devol,,Happening. The,10,2-412,,,,,,,
Marching Band,"Holmes, Jake",Kerchner,Feelin' 7 up,12,2-504,,March,Seven-up company,,,,
Marching Band,Holt/calvi,Cable,One of those songs,9,2-300,,,,,,,
Marching Band,Holzmann,Lampe,Spirit of Independence,7,2-131,,March,Remick,,,,
Marching Band,"Homes, John","Sweeney, Mike",Don't you feel good about 7 up,12,2-496,,,7 up,,,,
Marching Band,Howell,Swingley,Up with montana,9,2-299,,,,,,,
Marching Band,Howell,Teel,Up with montana,8,2-230,,,MS,,,,
Marching Band,Huffer,,Black Jack march,5,2-14,,March,Cole,,,,
Marching Band,"Huffine, G.H",,Them Basses,12,2-505,,,Fillmore,,,,
Marching Band,Hughes,harris,St. Julian,7,2-133,,March,Cundy-Bettoney,,,,
Marching Band,Humperdinck,Erickson,Hansel & Gretel Overture,16,3-194,,,Belwin,,,,
Marching Band,Jackson,,High Barbary,Wksh 13,3-27,,Overture,Bourne,,,Full,
Marching Band,"Jarnefelt, Armas",Lake,Prelude & Berceuse,2,1-73,,,Fischer,,,Cond,
Marching Band,"Jenkins, J.W.",,Charles Country Overture,Wksh 15,3-100,,,Bourne,,,Full,
Marching Band,Jerry Feilding,,Hogan's heros March,12,2-492,,,Leonard,,,,
Marching Band,Jessel,,Parade of the Wooden Soliders,6,2-109,,March,Marks,,,,
Marching Band,Jewell,Nine,Screamer,2-263,march,,Barnhouse,,,,,AMRY ROTC
Marching Band,Johnson,,Choo-Choo- to Idaho,8,2-225,,Pep song,Manuscript,,,,
Marching Band,Johnson,,Crimson Dawn,Wksh 14,3-58,,Overture,Belwin,,,Full,
Marching Band,Johnson & Chaloner,,Divertimento for band,Wksh 16,3-179,,,Bourne,,,,
Marching Band,"Johnson, Clair",,Mountain Home,16,3-159,,Overture,Belwin,,,,
Marching Band,"Johnson, Clair",,Westward ho!,16,3-153,,"March, Nocturn",Belwin,,,,
Marching Band,Johnston,,Stand up and cheer,7,2-181,,,,,,,
Marching Band,"Johnston, D",,Ritual for Band,16,3-168,,,Bourne,,,Full,
Marching Band,"Jolson, Rose, Dreyer",Warrington,Back in your own back yard,9,2-330,,,Bourne,,,,
Marching Band,Jones,Cable,Ironside theme,11,2-478,,,,,,,
Marching Band,Joplin,Walters,Maple Leaf Rag march,9,2-340,,Jazz March,Rubank,,,,
Marching Band,Jude,"DeVille, Paul",The mighty Deep,2,1-59,,Tuba solo & band,Fischer,,,,
Marching Band,Karmen,Moffit,Medley of Budweiser Songs,12,2-493,,,Elsmere,,,,
Marching Band,"karmen, S",Mutchler,Olympia Beer Theme,11,2-434,,,,,,,
Marching Band,Karmer,Moffit,Carry the Big Fresh Flavor,11,2-464,,Marching band,Leonard,,,,
Marching Band,"Kay, Ulysses",,Short Suite,18,3-243,,,Assoc. Music,,,Full,
Marching Band,"Kenny, C, & N",Carter,Love Letters in the sand,9,2.323,,,Bourne,,,,
Marching Band,"Kenny, Charles, & Nick",Carter,Cathedral in the pines,17,3-215,,Marching Band,Bourne,,,,
Marching Band,Kent-Drake,"loan, Van",Don't just stand there,5,2-36,,Modern,Broadcast,,,,
Marching Band,Kenton,Seiler-Bentz,Peanut vendor,12,470,,Marching Band,,,,,
Marching Band,Kern,Lindemann,Smoke Gets in your eyes,7,2-178,,Pop,Harms,,7:29,,
Marching Band,Key,Fillmore,Star Spangled Banner in Bb- trumpeting,8,2-195,,Patriotic,Fillmore,,,,
Marching Band,Key,Leaman,Star-Spangled Banner (in Ab),8,2-199,,,,,,,
Marching Band,Key,Moffit,Star-spangled Banner & fanfare Ab&Bb,10,2-384,,Patriotic,Leonard,,,Full,
Marching Band,Key,Sousa,The Star-spangled Banner,8,2-205,,,Fischer,,,,
Marching Band,Key/Smith,Leaman,The Star- Spangled banner (In Ab),9,2-294,,,,,,,
Marching Band,Khachaturian,Cheyette,"Sabre Dance from ""Gayne Ballet""",7,2-179,,Dance,Leeds,,,,
Marching Band,King,,Auld lang syne,7,2-165,,March,King,,,,
Marching Band,King,,Barnum & Bailey's favorite,5,2-11,,March,Barnhouse,,,,
Marching Band,King,,Goldman Band,5,2-54,,March,King,,,,
Marching Band,King,,Hosts of freedom,6,2-64,,March,King,,,,
Marching Band,King,,invictus,6,2-70,,March,King,,,,
Marching Band,King,,Iowa centennial,6,kin2-71,,March,King,,,,
Marching Band,King,,Michigan on Parade,6,2-90,,March,King,,,,
Marching Band,King,,Ohio Special,6,2-100,,March,King,,,,
Marching Band,King,,Omar Kayyam,2,1-70,,Overture Miniature,King,,,,
Marching Band,King,,Rifle Rangers,6,114,,March,Barnhouse,,,,
Marching Band,King,,Triumph March,7,2-146,,March,Barnhouse,,,,
Marching Band,King,,"Trombone king, the",7,2-147,,March,King,,,,
Marching Band,King,,University of Chicago,7,2-150,,March,King,,,,
Marching Band,King,,University of Idaho,7,2-151,,March,King,,,,
Marching Band,Kinyon,,Appalachian suite,Wksh 14,3-84,,Suite,Bourne,,,,
Marching Band,Kinyon,,Creole Suite,Wksh 14,3-78,,Suite,Bourne,,,Full,1. Bamboula 2. Berceuse 3. Marche petite
Marching Band,Kinyon,,Salute to Grieg,16,3-185,,,Belwin,,,,
Marching Band,Kinyon,,Salute to Mozart,16,3-181,,,Belwin,,,,
Marching Band,"Kinyon, John",,Salute to Beethoven,Wksh 17,3-201,,,Belwin,,,,"Themes from 9th, 7th, 5th symphonies"
Marching Band,"Kinyon, John",,Tangotoon,Wksh 17,3-202,,,Belwin,,,,
Marching Band,Klohr,,Billboard march,5,2-12,,March,Church,,,,
Marching Band,Knighton,,Two Tunes,16,3-193,,,Belwin,,,,
Marching Band,Koenig,Soderberg,ROA & Soliders of the ORC,6,2-117,,March,MS,,,,
Marching Band,Korsakon,Johnson,Intro #4 to Capriccio Espagnol,8,2-227,,,,,,,and manuscript masters
Marching Band,Krance,,Sagebrush Trail,16,3-172,,Jr. Band,Remick,,,Full,
Marching Band,La Mare,Alford,Starlight (Andantino),7,2-134,,,Kjos,,,,
Marching Band,"La Prise, Macak + Baker",Leonard,Hokey Pokey,11,2-469,,Marching band,Leonard,,,,
Marching Band,Laas,, A Concert Digest,16,3-184,,Satire /w/ narr,Belwin,,,,
Marching Band,Laas,,Legend of Little John,Wksh 14,3-91,,Overture,Belwin,,,Full,
Marching Band,Laas,,Skyline Silhouettes,16,3-186,,Cor.- Bone-Bar. Sol,Belwin,,,,
Marching Band,Laas & weber,,Skitime Bandette Folio,Cab 7,,,Pep band Folio,Belwin,,,,
Marching Band,"Laas, Bill",,Washington Park,Wksh 17,3-198,,March,Belwin,,,,Young Band
Marching Band,Lacalle,Becker,Amapola,7,2-166,,Pop,Marks,,,,
Marching Band,"Lake, Sol","Alpert, Herb",Mexican Shuffle (Clark Gum Shuffle),10,2-404,,,Leonard,,,,
Marching Band,"Lambert, Louis",Erickson,When johnny comes Marching Home,17,3-203,,,Belwin,,,Full,
Marching Band,Lamm,Edmondson,State of the union,11,2-461,,Marching band,,,,,
Marching Band,Lamm,Lisinger,25 or 6 to 4,12,2-472,,Marching band,Leonard,,,,
Marching Band,Lamm,Tatgenhorst,Free,11,2-475,,Marching band,,,,,
Marching Band,Lamn,Edmondson,Saturday In the park,11,2-466,,Marching band,,,,,
Marching Band,Lamn,Kisinger,Dialogue (excerpts parts 1 & 2),11,2-467,,Marching band,Leonard,,,,
Marching Band,Lampe,,Daughters of the maerican revolution,5,2-34,,March,Remick,,,,
Marching Band,LaValle,,Band of America,5,2-10,,March,Fox,,,,Marching edition
Marching Band,LaValle,,Dwight D. Eisenhower march,9,2-328,,,,,,,
Marching Band,LaValle,,"Merrymakers, the",6,2-89,,March,Fox,,,,Para. On Jolly Coppersmith
Marching Band,"Lecuona, Ernesto","Bowles, R.W.",Malaguena,11,2-395,,Marching band,Marks,,,Cond,w/ field formations
Marching Band,"Lehar, Franz",Davis,Villa,17,3-236,,Workshop,Byron-Douglas,,,Cond,
Marching Band,"Leigh, M",Warrington,"Impossible dream, the",10,2-399,,,,,,,
Marching Band,"Leigh, M",Warrington,Man of La Mancha,10,2-399,,,,,,,
Marching Band,Lemmer,Clark,University of Portland Right Song,8,2-232,,,MS,,,,
Marching Band,Leonard,,Parade music #1,8,2-233,,March,Leonard,,,,
Marching Band,Leonard,,Parade Music #2,8,2-234,,March,Leonard,,,,
Marching Band,Leonard,,Skyrockets,7,2-128,,Desc. March,Ditson,,,,
Marching Band,Leoni,,Trombonic Rhapsody,Wksh 15,3-117,,Show,Belwin,,,,
Marching Band,"Leucona, Ernesto",Yoder,Siboney,8,2-208,,Dance-rhumba,Feist,,,,
Marching Band,Lewis,Leonard,When my babu smiles at me,8,2-219,,Pop,leonard,,,,
Marching Band,"Lewis, Bob",Briegel,Men in Blue,10,2-382,,Air force,Starr& Hitt Mus,,,Cond.,
Marching Band,Lewis-De Rise,Yoder,Song of the Seabees,7,2-127,,March,Robbins,,,,
Marching Band,Lippman,Leonard,Too Young,8,2-213,,Pop,Leonard,,,,
Marching Band,Lithgow,Laurendeau,Invercargill,6,2-69,,March,Fischer,,,,
Marching Band,Lithgow,Taylor,March of the anzacs,6,2-81,,March,Fischer,,,,
Marching Band,"Loboda, Samuel",,Broadcaster's March,17,3-213,,March,Nat. Ass. Broadcasters,,,,w/ Band Show
Marching Band,Loesser,Yoder,New ashmolean marching society,10,2-349,,,Morris,,,,
Marching Band,Long,,Squads right,7,2-132,,March,Agnew,,,,
Marching Band,"Lotter, Adolf",,Dunkirk,10,2-371,,March,Boosey & Hawkes,,,,
Marching Band,Lovas,Arr. Haskin,Armed Forces March,9,2-341,,,Lovas,,,,
Marching Band,Lully,Piato,Little French Suite,16,3-161,,Suite,Belwin,,,,
Marching Band,Lusk,Zamecnik,Boots and Saddles,5,2-17,,March,Fox,,,,
Marching Band,Luther,Becker,I'm in the army now,6,2-67,,Pop,Broadcast,,,,
Marching Band,Mader,,A.A. Harding March,5,2-1,,March,Columbia Inst. Co,,,,
Marching Band,Mader,,General Ike March,5,2-48,,March,None,,,,
Marching Band,Mader,,Thirty-third Divison march,7,2-141,,March,Jay,,,,
Marching Band,Mader-Huffer,,National Music educators March,6,2-95,,March,Columbia Inst Co,,,,
Marching Band,Mainente,Mainente,Reminiscences,11,2-446,,,,,,,
Marching Band,"Malotte, Albert Hay",Lake,The lord's Prayer,2,1-52,,religious,Schirmer,,,Cond.,For solo voice or instrument
Marching Band,"Mancini, Henry",Bilik,Baby Elephant walk,10,2-380,,,Famous Music,,,,
Marching Band,"Mancini, Henry",,Pink Panther,11,2-381,,,Famous Music,,,,
Marching Band,Manilow/panzer,Vinson,Even now,11,2-436,,,,,,,
Marching Band,Martin 7 pizzuto,,Come to the Zoo,17,3-222,,,Bourne,,,Full,
Marching Band,Mason,,Nearer my God to Thee,8,2-198,,Religious,Fischer,,,,
Marching Band,"McBeth, Francis",,Grace Praeludium,Wksh18,3-266,,,Southern,,,,
Marching Band,"McBeth, Francis",,Joyant Narrative,17,3-232,,Workshop,Southern,,,,
Marching Band,McCarthy-Tierney,Schulz,Alice Blue Gown,7,2-167,,Pop,Feist,,,,
Marching Band,McCoy,,Lights out,6,2-76,,March,Fischer,,,,
Marching Band,McDonald,,I love the sunshine of your smile,10,2-358,,,Leonard,,,,
Marching Band,McLeod,,How the blues began,10,2-353,,Pop,Schmitt-hall-McCreary,,,,
Marching Band,Mcmackin - Arberg,Yoder,Army chemical corps,9,2-304,,March,Associated,,,,
Marching Band,McMahon- Hofer,,Guardian of the colors,5,2-55,,March,Belwin,,,,
Marching Band,"Mcvey, Larry",,Brasila,18,3-239,,Workshop,Byron-Douglas,,,,
Marching Band,Mendelssohn,Erickson,Elegy,16,3-157,,,Belwin,,,,
Marching Band,Mendelssohn,Kinyon,Salute to Beethoven,16,3-156,,,Belwin,,,,
Marching Band,Meretta,,Men of Might,6,2-87,,March,Boosey & Hawkes,,,,
Marching Band,Merrick,,To Look Sharp,9,2-259,,March,Gordon,,,,
Marching Band,Merrill,Leonard,Sparrow in the treetop,8,2-221,,Pop,Leonard,,,,
Marching Band,"Mersey, R & Hunsberger, D",,A Jazz Suite,Wksh 18,3-255,,,Sam Fox,,,Cond,
Marching Band,Mesang,,"Little champ, the",6,2-79,,March,Fillmore,,,,
Marching Band,Mesang,,Men of Wisconsin,6,2-88,,March,Fillmore,,,,
Marching Band,Mesang,,Symbol of Honor,7,2-136,,March,Fillmore,,,,
Marching Band,Milligan,,On the march,6,2-104,,March,Belwin,,,,
Marching Band,Minelli,,Ballad for winds,16,3-171,,,Bourne,,,Full,
Marching Band,Monaco,Leonard,"Row, Row, Row Your Boat",8,2-220,,Round,Leonard,,,,
Marching Band,"Moore, Dan",,Bible stories Suite,Wksh 14,3-82,,Suite - 3 mvt,Bourne,,,Full,
Marching Band,"Moore, Don",,Seadragon,Wksh 15,3-99,,Concert March,Bourne,,,Full,
Marching Band,"Morey, Churchhill","Cacavas, John",Whistler while you work,9,2-321,,,Bourne,,,,
Marching Band,Morey. Churchhill,"Cacavas, John",Heigh Ho,9,2-322,,,Boune,,,,
Marching Band,Morricone,Warrington,"Good, the bad & the ugly, the",11,2-427,,,,,,,
Marching Band,"Morrisey, John",,Interlude,1,1-42,,Solo bb clarinet & band,Remick,,4:00,Cond.,
Marching Band,Morrison,Wheeler,Hail Marines,5,2-56,,March,Huntington,,,,
Marching Band,Moszkowaki,Vitto,Danza Espanola- Moszkowski,35,542,,,Byron-Douglas,,,Cond,Workshop
Marching Band,Moten-Hayes,Leonard,South,8,2-253,,Pop,Leonard,,,,
Marching Band,"Moussorgsky, Modest",Eymann,Great Gate of Kiev,Wksh 17,3-204,,Full,Belwin,,,,
Marching Band,"Moussorgsky, Modest",Isaac,Hopak,Wksh 16,3-178,,,Belwin,,,,
Marching Band,Mozart,Beeler,"Alleluja from exulate, Jubilate",Wksh 16,3-145,,,Schirmer,,,,
Marching Band,Mozart,Bellis,18th century drawing room,8,2-246,,,MS,,,,
Marching Band,Musser,,Arabesque,Wksh 13,3-37,,,Bourne,,,Full,
Marching Band,Nbratton & O'Hara,Carter,One World,17,3-214,,Marching Band Arr.,Bourne,,,,
Marching Band,"Nelhybel, Vaclav",,Ballad,Wksh 18,3-251,,,J. Christopher,,8:30,Full,
Marching Band,"Nelhybel, Vaclav",,Evening song,Wksh 18,3-252,,,J. Christopher,,3:00,Full,
Marching Band,Norman,,A Capsule History of american in Music,11,2-482,,,,,,,
Marching Band,Norman,,Get it on!/ fancy colours fanfare,9,2-276,,,,,,,
Marching Band,Norman,,Scarborough fair/ Classical Gas,9,2-273,,,,,,,
Marching Band,Norman,,Trolley song,,2-500,,,,,,,
Marching Band,Nyro,Nowak,Wedding Bell Blues,11,2-463,,Marching band,Warner Bros.,,,,
Marching Band,O'Brien/Stoner,O'Brian,The Spirit of America,11,2-456,,,,,,,
Marching Band,O'Hara,Leidzen,America Thou Blessed land,5,2-5,,Partriotic,Marks,,,,
Marching Band,Oldham & Hale,,Six Fifty East,16,3-182,,Concert March,Belwin,,,,
Marching Band,"O'Neill, John",,An April Overture,17,3-226,,,Bourne,,6:00,Full,
Marching Band,"O'Neill, John",,Starlight,Wksh 14,3-69,,Fantasy overture-elem,Boston,,,,
Marching Band,Osterling,,Busman's Holiday,Wksh 15,3-134,,Concert March,Bourne,,,,
Marching Band,Osterling,,Sambalita,Wksh 16,3-152,,Latin,Bourne,,,,
Marching Band,Osterling,,Swing Out,15,3-130,,March,Bourne,,,,
Marching Band,Osterling,,Thrills a plenty,Wksh 15,3-124,,Quickstep March,Bowine,,,,
Marching Band,Osterling,,Totem Pole,Wksh 15,3-98,,Concert March,Bourne,,,,
Marching Band,"Osterling, eric",,Charter oak,Wksh 15,3-122,,Concert March,Bourne,,,,
Marching Band,"Osterling, eric",,Swing Out,wksh 15,3-130,,March,Bourne,,,,
Marching Band,"Osterling, Eric",,The Nutmeggers,Wksh 15,3-110,,Concert March,Bourne,,,,
Marching Band,"Osterling, Eric",,We Know Cha-Cha,Wksh 18,3-249,,Workshop,Belwin - Mills,,,Cond,
Marching Band,Ostling,,Drummin' Thru The Rye,16,3-154,,Perc. Solo,Belwin,,,,
Marching Band,Ostling,,Friends of Old,Wksh 15,3-139,,Concert March,Bourne,,,,
Marching Band,Ostling,,Golden Slippers,16,3-155,,Trom. Solo,Belwin,,,,
Marching Band,Ostling,,Parading the Brasses,15,3-141,,Concert march,Bourne,,,,Features solo brass
Marching Band,"Ostling, Acton",,Skip to my flute,17,3-208,,Flute feature,Belwin,,"3:10, cuts to 2:40",Full,
Marching Band,"Ostling, Acton",,"Swing Low, Sweet Saxes",17,3-205,,Sax Feature,Belwin,,2:55,Full,
Marching Band,"Overgard, Graham",,"Force of freedom, the",10,2-408,,March,Kjos,,,Cond,
Marching Band,"Overgard, Graham",,Peace Corps song,10,2-335,,,Kjos,,,,
Marching Band,Panella,,Flag of freedom,5,2-42,,March,Panella,,,,
Marching Band,Panella,,On the square,6,2-106,,March,Morris,,,,
Marching Band,Panella,,The fez march,5,2-41,,march,Panella,,,,
Marching Band,Partichelli,Fogelberg,Mexican Hat dance,8,2-190,,Dance-pop,Marks,,,,
Marching Band,Pat Lee,,Little Jumbo,3,1-157,,,,,,,
Marching Band,"Paulson, Joseph",,My Country,12,2-503,,,Handy Bros/,,,,
Marching Band,Perfect,,Mighty Oregon,6,2-91,,March,Melrose,,,,
Marching Band,Pestalozza,Alford,Ciribiribin,5,2-26,,Selection-novelty-concert march,Kjos,,,,
Marching Band,"Phillips, Peter",,Continuum for winds,Wksh 17,3-219,,,Bourne,,5:15,Full,
Marching Band,Phillips/larson,Phillips/Feller,Theme from Battle Galactica,8,2-207,,,,,,,
Marching Band,"Piato, A.R.",,Holiday in France,17,3-207,,,Belwin,,,,Frere jacques 2 Air clair de la Lune 3 La Frangesa 4 Can Can
Marching Band,"Piato, A.R.",,Holiday in Spain,16,3-191,,,Belwin,,,,
Marching Band,"Pinkard, Tracy, Tauber",Osterling,Them There Eyes,9,2-337,,,Bourne,,,,
Marching Band,"Ployhar, James",,"Balm in Gilead, A",35,543,,,Byron-Douglas,,,Cond,Workshop
Marching Band,Pola,Briegel,Marching along together,8,2-187,,Fox trot-March,Robbins,,,,
Marching Band,Pronk,McLeod,Gay nineties revue-football show,8,2-200,,,Schmitt,,,,
Marching Band,"Pronk, wenger, Prescott",McLeod,America the Beautiful (uncle Sam in review),,,,,Schmitt,,,,
Marching Band,"Pryor, arthur","Roberts, Charles J",Thoughts of Love,3,1-103,,Valse de Concert,Fischer,,5:15,Cond,"Cornet, trombone or baritone solo"
Marching Band,Purcell,Gordon,Air & water,Workshop 13,3-46,,Classic,Bourne,,,Full,
Marching Band,Purcell,Gordon,Song of Victory from King arthur,Wksh 14,3-74,,,Bourne,,,Full,
Marching Band,Purdy,Alford,On Wisconsin,6,2-107,,March,Broadcast,,,,
Marching Band,"Purdy, Joseph",,Festive March,Wksh 18,3-248,,Workshop,Belwin - Mills,,,,
Marching Band,Quaal,,U.S. Maritime Service march,10,2-358,,,Quaal,,,,
Marching Band,Ramin,Leonard,Music To Watch Girls By,10,2-411,,,,,,,
Marching Band,Ravel,,Bolero,10,2-365,,,,,,,
Marching Band,Redington/Woloshin,Edmunds,"You, You're the one",11,2-436,,,,,,,
Marching Band,Reed/Stephens,,There's a kind of hush,10,2-414,,,,,,,
Marching Band,Renick/Levine,Yoder,"Yummy, Yummy, Yummy",11,2-426,,,,,,,
Marching Band,Resbach,Clark,Trees,8,2-204,,Brass solo,Schirmer,,,,
Marching Band,Rhoads,,Three Ballads,Wksh 16,3-175,,,Fischer,,,,
Marching Band,Riato,,Country Squire,15,3-103,,Training,Belwin,,,,
Marching Band,Richards,,Homecoming,6,2-63,,March,Barnhouse,,,,
Marching Band,Ricks,,Or La Troix- Three Mediaval Tunes,16,3-167,,,Bourne,,,Full,
Marching Band,Ricks,,Three Mediaeval Tunes,16,3-167,,,Bourne,,,,
Marching Band,Rimasky-Korsakov,Johnson,"Scheherazade, Themes from",Wksh 14,3-87,,Selection,Belwin,,,Full,
Marching Band,"Rimsky-Korsakoff, Nicolai",Erickson,Y0ung Prince and the Princess,17,3-206,,,Belwin,,,Full,
Marching Band,Rimsky-korsakov,Johnson,Caprice Espagnole-intro fanfare # 1,8,2-227,,,MS,,,,
Marching Band,"Roberts, Pillar & Katz",,"Mister Touchdown, U.S.A.",10,2-385,,,Roger Music,,,,
Marching Band,"Rodgers, Richard",Billingsley,Oklahoma,9,2-282,,Marching,MS,,,,
Marching Band,"Rodgers, Richard",Moffit,Mountain Greenery,10,2-393,,,Harms,,,Full,
Marching Band,"Roig, Gongalo",Bowles,Yours (Quiereme Mucho),10,2-396,,Marching band,Marks Music Corp,,,Cond,w/ field formations
Marching Band,"Rose, Dixon, Henderson",Carter,That Old Gang of Mine,9,2-327,,,Bourne,,,,
Marching Band,Rosenkrans,,With Bands & Banners,7,2-157,,March,Volkwein,,,,
Marching Band,"Rudin, Rolf",,Der Traum des Oenghus,,"1161,1162",,,,,,,"Mvt. I: 1161_x000D_
Mvt. II: 1162"
Marching Band,Sadler & Moore,Warrington,Ballad of the Green Berets,10,2-388,,Pep band Folio,Cimino,,,,
Marching Band,Sanders,Leonard,I get ideas,8,2-244,,Pop,Leonard,,,,Z arrangements
Marching Band,Sayles-Cline,Edmondson,WSU Fight song,9,2-292,,,,,,,
Marching Band,Sayles-Cline,Wheeler,WSC Medley (fight song- alma Mater),8,2-186,,,Allen,,,,
Marching Band,"Schaeffer, Don",,Images of Time,Wksh 18,3-246,,Workshop,Barnhous,,,,Grade II
Marching Band,"Schoefer, willis",,Overture: fanfare & Capriccio,Wksh 16,3-174,,,Bourne,,,,
Marching Band,Scoot-Texidor,Ludlow,Air Force Blue,9,2-274 - 2-275,,March,None-A.F.,,,,
Marching Band,Scott-Texidor,Ludlow,U.S. Air Force Blue,9,"2-274,-5",,March,None AF,,,,
Marching Band,See army air corps,,General's March,5,2-9,,,,,,,
Marching Band,Seeger,Leonard,On top of old smokey,8,2-215,,Pop,Leonard,,,,
Marching Band,"Seibert, bob",,Jazz Time outs #5,10,2-386,,,KSM publications,,,Cond.,
Marching Band,"Seiler, David",,Pregame 1967,10,2-401,,Football pregame,M.S.,,,,
Marching Band,Seitz,,March of the marines,10,2-82,,March,Seitz,,,,
Marching Band,"Sherman, R&R",Bellis,Let's go Fly a Kite,10,2-367,,,,,,,
Marching Band,"Sherman, R&R",Christensen,It's a small world,11,2-442,,,,,,,
Marching Band,"Shostakovish, Dmitri",Lang,"Dance from the ""golden age"" Ballet",1,1-26,,Ballet exerpt,Mills,,,Cond.,
Marching Band,"Shostakovish, Dmitri","Lang, Phillip","Golden age ballet suite,the",1,1-26,,Ballet suite,Mills,,,Cond.,Dance exerpt
Marching Band,"Shostakovish, Dmitri",Magnini,"Golden age ballet suite, the",2,1-78,,Ballet exerpt,Edition Musicus,,2:15,Full,Polka exerpt
Marching Band,Shrode,Eakman,Coast Guardsman,5,2-28,,Patriotic March,Shrode,,,,
Marching Band,"Simons, marks",Osterling,All of Me,9,2-336,,,Bourne,,,,
Marching Band,"Simons, Moises",Bowles,"Peanut Vendor, the",10,2-407,,Marching band,Marks,,,Cond,
Marching Band,Skornicka,,Loyalty,6,77,,March,Rubank,,,,
Marching Band,Skornika,,Overture militaire,16,3-197,,,Belwin,,,,Haydn Theme
Marching Band,"Smetana, Bedrich","Nelhybel, Vaclav",Fanfares,Wksh 18,3-250,,,,,3:45,Full,"from the opera ""Libuse"""
Marching Band,Smith,,Canzone For Band,Wksh 15,3-95,,,Bourne,,,Full,
Marching Band,"Smith, Walter",,Bolero,1,1-13,,Cond.,Fillmore,,,,
Marching Band,"Smith, Walter",,Three Kings,3,1-105,,Cornet trio & band,Fillmore,,,,
Marching Band,"Snyder, Les",,Trumpet cheer,10,2-387,,Tpt Fanfare,MS,,,,
Marching Band,Solomon Levi,,Utah Man,7,2-185,,March,None,,,,
Marching Band,Sousa,Heine,Sabre & Spurs,5,2-47,,March,Fox,,,,
Marching Band,Sousa,Lake,U.S. Field Artillery,7,2-153,,March,Fischer,,,,
Marching Band,Sousa,Norman,Stars & Stripes Forever,11,2-455 & 2-476,,,,,,,
Marching Band,Sousa,Yoder,High school cadets,5,2-59,,March,Fischer,,,,
Marching Band,Sousa,,Black Horse Troop,5,2-13,,March,Fox,,,,
Marching Band,Sousa,,Daughters of Texas,5,2-35,,March,Presser,,,,
Marching Band,Sousa,,El Capitan,5,2-40,,March,Church,,,,
Marching Band,sousa,,Gladiator March,5,2-49,,March,Fischer,,,,
Marching Band,Sousa,,Golden Jubilee March,10,2-316,,,Fox,,,,
Marching Band,Sousa,,Hands across the sea,9,2-268,,March,Church,,,,
Marching Band,Sousa,,King Cotton,6,2-72,,March,Church,,,,
Marching Band,Sousa,,Manhattan Beach,6,2-80,,March,Church,,,,Also Kjos pub. Edition
Marching Band,Sousa,,Semper Fidelis,6,2-122,,March,Fischer,,,,
Marching Band,Sousa,,Sesqui -Centennial exposition march,8,2-251,,March,Fox,,,,ARMY ROTC
Marching Band,Sousa,,Sound Off,7,2-129,,March,Fischer,,,,
Marching Band,Sousa,,The gallant seventh,8,2-250,,March,Fox,,,,Army rotc
Marching Band,Sousa,,"Thunderer, the",7,2142,,March,Fischer,,,,2 arr. - orig simplified version is in drawer 12 # 492
Marching Band,Sousa,,Washington Post,7,2-156,,March,Fischer,,,,
Marching Band,"Sousa, John philip",Higgins,Sousa spectacular,18,256,,March Medley,Hal Leonard,,3:15,Full,
Marching Band,"Sousa, John philip",Yoder,"Thunderer, the",12,2-492,,March,Fischer,,,Yes,
Marching Band,"Sousa, John Philip",,Stars and Stripes Forever,7,2-135,,March,Church,,,,
Marching Band,Sower,,University of Idaho,7,2-152,,March,MS,,,,
Marching Band,Sparks,,Today/Company Q whistle march,11,2-424,,,,,,,
Marching Band,Springfield,"Cacavas, John",Georgu Girl,10,2-415,,,,,,,
Marching Band,St.Clair,,"Thunderbolt, the",7,2-144,,March,Volkwein,,,,
Marching Band,"Starke, Herman",Winter,Sabre et Lance,10,2-373,,March,Boosey & Hawkes,,,,
Marching Band,Steinberg,Tatgenhorst,Gospel John,11,2-443,,,,,,,
Marching Band,Sterling & Stoner,Yoder,Take off yourhat/ no flag like our own,10,2-351,,Medley,Rayster,,,,
Marching Band,Stewart-King,Leonard,Tennessee Waltz,8,2-216,,Pop,Leonard,,,,
Marching Band,"Still, William",,Folk Suite,17,3-216,,,Bourne,,8:00,Full,
Marching Band,"Stnley, Leo",Winter,The Contemptibles,10,2-372,,March,Boosey & Hawkes,,,,
Marching Band,Stone,Fogelberg,Idaho,6,2-66(also#953),,Pop tune,Mills,,,,
Marching Band,"Strange, Billy",Leonard,Limbo rock,,,,March,Leonard,,,,
Marching Band,Strauss,,Fanfare,3,1-156,,,,,,,
Marching Band,"Strauss, Richard",,Zarathustra,10,2-397,,Fanfare,MS,,,,
Marching Band,Stuart,,Lemon Merengue,16,3-173,,Latin,Remick,,2:30,Full,
Marching Band,Sweet,,Ringling Brothers Grand Entry,6,2-116,,March,Kjos,,,,
Marching Band,Tarver,,Hills of Romain,16,3-188,,,Belwin,,,,
Marching Band,Tarver,,Northern Pass,Wksh 15,3-121,,Overture,Pro-Art,,,,
Marching Band,"Tarver, James",,Northern Pass,Wksh 15,3-121,,,Pro-Art,,,,
Marching Band,Taylor,,Drum Major,5,2-39,,March,Barnhouse,,,,
Marching Band,Taylor,,Salmon derby,10,2-357,,,Taylor,,,,
Marching Band,Taylor,,Trombones on parade,7,2-148,,march,Barnhouse,,,,
Marching Band,"Taylor, John","Nowak, Jerry",Boy From New York City,12,2-498,,,Trio Music,,,,
Marching Band,"Taylor, Priscilla",,Holiday for Youth,17,3-223,,,Bourne,,4:00,Full,
Marching Band,"Telemann, Georg Phillip","Gordon, Phillip",Beau Gallant,Wksh 18,3-247,,Workshop,"Shapiro, Bernstein, & Co",,,Full & Cond,
Marching Band,"Thielman, Ronald",,Burst of Stars,17,3-228,,Concert March,Bourne,,,,
Marching Band,"Thielman, Ronald",,Night Wind,16,3-170,,,Bourne,,,Full,
Marching Band,Thomas,Leonard,Melancholy Me,8,2-225,,Pop,Leonard,,,,
Marching Band,Thomas,Warrington,Spinning wheel,11,2-468,,Marching band,Amino,,,,
Marching Band,Thomas,,On Shawnee Road,6,2-102,,Overture,Kjos,,,,
Marching Band,Thomas,,Rocket,6,2-118,,March,Kjos,,,,
Marching Band,Tilzer,Briegel,I want a girl,7,2-172,,Old fav.,Briegel,,,,
Marching Band,Tilzer,Gemberung,Take me out to the ball game,7,2-138,,,Broadcast,,,,
Marching Band,Tilzer,Leonard,I want a girl,8,2-222,,Pop,Leonard,,,,
Marching Band,Tilzer,Leonard,My Little Girl,8,2-212,,Pop,Leonard,,,,
Marching Band,Tilzer,Leonard,Wait 'till the sun Shines nellie,8,2-218,,Pop,Leonard,,,,
Marching Band,Tobias-Simon,"Bennett, David","Little Majorette, the",6,2-78,,March,Bourne,,,,
Marching Band,Tonning,,We sing of Idaho,9,2-302,,,MS,,,,
Marching Band,"Tosti, E.P.",Laurendeau,Preghieia,1,1-40,,Prayer,Fischer,,,,"Cornet, baritone or trombone sole"
Marching Band,Tschaikowsky,Erickson,Chanson Triste,16,3-158,,,Belwin,,,,
Marching Band,Tschaikowsky,Erickson,Romeo & juliet,16,3-195,,,Belwin,,,,Love theme
Marching Band,Turlet,Seredy,French National Defile,5,2-45,,March,Fischer,,,,
Marching Band,Unknown,,Day break,9,2-287,,,,,,,
Marching Band,Unknown,,"Pregame #1-Rhapsody in Blue /N.Y, N.Y",9,2-332,,,,,,,
Marching Band,Unknown,,Rocky,10,2-402,,,,,,,
Marching Band,Unknown,,Steal Away,9,2-279,,,,,,,
Marching Band,Unknown,,Sweet Charity,11,2-491,,,,,,,
Marching Band,Unknown,,Warm up #1,10,2-391,,,,,,,
Marching Band,Unkown,,American salute,9,2-290,,,,,,,
Marching Band,Unkown,,Go Falcons,9,2-297,,Air force song,MS,,,,
Marching Band,Unkown,,Hit the line! Montana (M. state),8,2-231,,,MS,,,,Incomplete
Marching Band,Unkown,,Home Sweet Home,8,2-238,,,MS,,,,
Marching Band,Unkown,,Intro,11,2-471,,,,,,,
Marching Band,Unkown,,just one of those things,10,2-410,,,,,,,
Marching Band,Unkown,,Once Around life,10,2-413,,,,,,,
Marching Band,V.S. Seddy/M.matusousky,"Ball, K",Midnight in Moscow,9,2-313,,,,,,,
Marching Band,Van Auken & Cofield,,Swing Dings,cab 17,,,Pep band Folio,Leonard,,,,
Marching Band,VanderCook,,Cincinnatus,5,2-25,,March,Fillmore,,,,
Marching Band,Various,,Various Arrangements #3,12,2-531,,,,,,,Various Published arr.
Marching Band,Various,,Various arrangements #4,12,2-532,,,,,,,Various Published arr.
Marching Band,Varrall,,"Northern Overture, A",Wksh 14,3-57,,Overture- elem.,Boston,,,,
Marching Band,"Vaughan, Williams, R",,Sea Songs,10,2-374,,Quick march,Boosey & Hawkes,,,,
Marching Band,Ventre,,Wings of Victory,7,2-161,,March,Fox,,,,
Marching Band,Verralll,,Holiday Moods,Wksh 14,3-71,,Suite - elem.,Boston,,,,
Marching Band,Wagner,Barnard,Tannhauser march,7,2-139,,Processional March,Fischer,,,,
Marching Band,Wagner,Laurendeau,Under the double eagle,7,2-149,,March,Fischer,,,,
Marching Band,Walbridge,,Now I lay Me Down To Sleep,8,2-198,,Religious,Fischer,,,,
Marching Band,"Walker, Richard",,Levantine march,35,548,,March,Bourne,,,Full,
Marching Band,Ward,Waters,"America, the Beautiful",11,2-439,,,,,,,
Marching Band,"Washington, Harline","Cacavas, John",When you wish upon a star,9,2-333,,,Bourne,,,,
Marching Band,"Webb, J",McLin,By The Time I get to Phoenix,10,2-422,,,,,,,
Marching Band,Weber,Kilbert,Big Boy,Wksh 15,3-133,,Tuba & Band,Belwin,,,,
Marching Band,Weber,,Holiday in Serenade,15,3-102,,Training,Belwin,,,,
Marching Band,Weber,,Indian Princess,15,3-104,,Novelty,Belwin,,,,
Marching Band,Weber,,Junior Jump,15,3-105,,Training,Belwin,,,,
Marching Band,"wechter, julius",Alpert,Spanish Flea,10,2-378,,,Leonard,,,,
Marching Band,Whiting,Mays,Minnesota state Fair,6,2-92,,March,Fischer,,,,
Marching Band,Whitney,,Santa fe trail,Wksh 14,3-85,,Selection,Bourne,,,,
Marching Band,Williams,Bukvich,Star Wars,12,2-511,,,Manuscript,,,,
Marching Band,"Williams, H",Leonard,There'll be no teardrops tonight,8,2-254,,Pop,Leonard,,,,
Marching Band,"Williams, John",Nestico,Themes from Jazs 2,12,2-202,,,"Duchess Music Corp,",,,,
Marching Band,"Williams, M",Leonard,Classical Gas,10,2-417,,,,,,,
Marching Band,"Williams, Ralph",,Dawn of Destiny,Wksh 15,3-137,,Band & Chorus,Bourne,,,,
Marching Band,Wills,"Cacavas, John",San Antonio,9,2-335,,,Bourne,,,,
Marching Band,Willson,"Cacavas, John",You and I,9,2-329,,,Bourne,,,,
Marching Band,Willson,"Lang, Phillip",Seventy- six Trombones,10,2-342,,March,Frank,,,Bellis,Missing 12-81
Marching Band,"Willson, Meredith",Cacavas,America Calling,17,3-211,,Band & Satb Opt.,Bourne,,2 min,Full,
Marching Band,Wine-Gar,,Sousa Day March,7,2-130,,March,Fox,,,,
Marching Band,Winter,,"Trumpet Jets, The",16,3-148,,Trio,Bourne,,,,
Marching Band,Yoder,,Baton Ballet,10,2-356,,,Kjos,,,,
Marching Band,Yoder,,Firehouse special,9,2-301,,March Nov.,Kjos,,,,
Marching Band,Yoder,,Hail to the varsity,5,2-57,,Pep march,Rubank,,,,
Marching Band,Yoder,,Hello march,5,2-58,,March,Rubank,,,,"He's a Jolly Good fellow-how do you do Hail,Hail-whats the matter"
Marching Band,Yoder,,Skyways,7,2-125,,March,Kjos,,,,
Marching Band,Yoder,,South Cross,2,1-92,,Overture,Belwin,,,Cond,
Marching Band,Yoder,,Youth of america,7,2-159,,March,Kjos,,,,
Marching Band,Youmans,Yoder,Without a song,7,2-174,,Fox Trot,Miller,,,,
Marching Band,"Youmans, Vincent",Moffit,Tea for Twp,10,2-389,,,"Harms, Inc",,,Full,
Marching Band,Zamecnik,Heine,World Events,8,2-228,,,,,,,
Marching Band,Zamecnik,St. Clair,World Events,7,2-158,,March,Fox,,,,
Marching Band,,Arnold 7 lindsay,Dixeuland of parade,cab. 16,,,Pep band Folio,consolidated Music,,,,
Marching Band,,Auken,Bill Bailey,10,2-346,,Swing-march,Leonard,,,,
Marching Band,,"Auken, Van",Georgia camp Meeting,9,2-276,,Jazz march,Leonard,,,,
Marching Band,,"Barnes, Jim",ABC Monday Night Football,12,2-499,,,Warner Bros,,,,
Marching Band,,Beard,O.S.C. Medley,7,2-183,,College March,None,,,,
Marching Band,,"Beeler, Walter",All time hit Parader,Cabinet 16,,,Pep band Folio,Hansen,,,,
Marching Band,,Bellis,French Can-Can,8,2-245,,,MS,,,,
Marching Band,,Bellis,God of Our fathers,8,2-243,,,MS,,,,Not complete instrumentation
Marching Band,,Bellis,Hey Daddy,8,2-241,,,MS,,,,
Marching Band,,Bellis,Sweet Adeline,8,2-240,,,MS,,,,
Marching Band,,Bellstedt,Hail hail the gang's all here march,8,2-188,,,Fillmore,,,,
Marching Band,,Bellstedt,"Hail, Hail, the gang's all here",8,2-188,,,Fillmore,,,,
Marching Band,,"Bennett, David",Clarinet polka,1,1-18,,Folk tune-Novelty,Gamble-Hinged,,,,clarinet feature
Marching Band,,Benter,Parade Front,cab. 6,,,March folio,Remick,,,,
Marching Band,,"Bentz, J",Those Were the Days,12,467,,,,,,,
Marching Band,,Berger,Marching Saints,16,3-189,,studio Band,Summy,,,,
Marching Band,,Billingsley,Basin Street,9,2-306,,Field,MS,,,None,
Marching Band,,Billingsley,Chicago (and basin street),20,2-306,,Field,MS,,,,
Marching Band,,Billingsley,Come Fellows,8,2-247,,,,,,,Manuscripts masters
Marching Band,,Billingsley,Coming up roses,10,2-366,,Marching band folio,Ditto,,,,Jazz-show
Marching Band,,Billingsley,Dad Medley,9,2-314,,Football Show,,,,,
Marching Band,,Billingsley,Deep in the heart of texas (AM. The beautiful),9,2-283,,Marching band folio,MS,,,,
Marching Band,,Billingsley,Fly me to the moon,11,2-454,,,,,,,
Marching Band,,Billingsley,Frankie & Jonnie,9,2-295,,Field,MS,,,,
Marching Band,,Billingsley,Go vandals,8 &11,2-216 &2-487,,,,,,,Manuscript masters
Marching Band,,Billingsley,Here we have Idaho,8,2-215,,,,,,,Manuscript masters
Marching Band,,Billingsley,Hunting song- Pennies from heaven,9,2-261,,Football,MS,,,,
Marching Band,,Billingsley,Jingle bells,8,2-281,,,Manuscript,,,,
Marching Band,,Billingsley,Let me call you sweetheart,9,2-312,,Football show,,,,,
Marching Band,,Billingsley,Nobody Knows,9,2-281,,,Manuscript,,,,
Marching Band,,Billingsley,Off the Line,9,2-291,,,,,,,
Marching Band,,Billingsley,Olds 1988-Vulgar Egyptian,8,2-211,,Football,MS,,,,Missing 12-81
Marching Band,,Billingsley,Pennies from Heaven-hunting song,9,2-261,,Football,MS,,,,
Marching Band,,Billingsley,Seattle 1978,9,2-296,,,,,,,
Marching Band,,Billingsley,Silver & gold,8,2-214,,,,,,,Manuscript masters
Marching Band,,Billingsley,Tuxedo junction,9,2-267,,Football,MS,,,,
Marching Band,,Billingsley,Vandal Sweetheart,8,2-223,,,,,,,Manusicript masters
Marching Band,,Billingsley,Way Down Yonder,9,2-308,,Pop-field,MS,,,,
Marching Band,,Billingsley,We're Here to win,8,2-223,,,,,,,Manuscript masters
Marching Band,,Billingsley,Yellow Rose of Texas,10,2-266,,Football,MS,,,,
Marching Band,,Briegel,Annie Laurie (Three Scotish Airs),7,2-175,,,Briegel,,,,
Marching Band,,Briegel,Auld lang Syne (three scotish airs),7,2-175,,,Briegel,,,,
Marching Band,,Briegel,Loch Lomond (from three scotch airs),7,2-175,,,Briegel,,,,
Marching Band,,Briegel,Three Scotch Airs,7,2-175,,,Briegel,,,,
Marching Band,,Bukvich,April in Paris,9,2-343,,,,,,,
Marching Band,,Bukvich,Channel One Suite,9,2-278,,,,,,,
Marching Band,,Bukvich,Eleanor Rigby,10,2-361& 2-406,,,,,,,
Marching Band,,Bukvich,Feelings,10,2-381,,,,,,,
Marching Band,,Bukvich,Here we have Idaho,12,2-533,,,,,,,SATB & band (vocal pt. Incl.)
Marching Band,,Bukvich,Hers's A toast to Idaho,46,952,,Marching band,,,,,Photocopies
Marching Band,,Bukvich,O Canada,12,2-510,,,Manuscript,,,,
Marching Band,,Bukvich,Silver & gold Waltz,46,953,,Marching band,,,,No,Copies
Marching Band,,Bukvich,Smile,11,2-432,,,,,,,
Marching Band,,Bukvich,Those Were the Days,10,2-361,,,,,,,
Marching Band,,Bukvich,Trolley song,9,2-343,,,,,,,
Marching Band,,Bukvich,Turkeys on parade,9,2-338,,,,,,,
Marching Band,,Bukvich,Wizard of Oz,11,2-488,,,Manuscript,,,,
Marching Band,,Chenette,When You & I were young maggie,7,2-170,,,Rubank,,,,
Marching Band,,Cheyette,Silver Threads Among the gold,,,,,,,,,
Marching Band,,Cheyette,Silver Threads Among the gold,7,2-170,,,Rubank,,,,
Marching Band,,Cheyette,Swansea Twon,6,2-120,,March,Paull Pioneer,,,,Based on Eng. Sea Chantey
Marching Band,,Christensen,Strike up the band,11,2-406,,,MS,,,,
Marching Band,,Christensen,West Side Story Ending,11,2-425,,,,,,,
Marching Band,,Edstrom,High society,9,2-345,,Swing-march,Leonard,,,,
Marching Band,,Erickson,Walt Disney Overture,17,3-224,,,Bourne,,7:00,,
Marching Band,,Fillmore,America & Taps,8,2-196,,Partriotic,Fillmore,,,,Trumpeting Arr. Taps Harmonized
Marching Band,,Fillmore,Taps (harmonized),8,2-196,,,Fillmore Music House,,,,
Marching Band,,"Goldman, Edwin",Alouette,5,2-2,,Folk tune/ march,Fischer,,,,
Marching Band,,Gordon,Three Modern Chorales,Wksh 14,3-93,,,Bourne,,,Full,"Wagner, Brahms, franck"
Marching Band,,Gulhargen,Pregame 1976,9,2-288,,,,,,,
Marching Band,,Gulhargen,You are the sunshine of my life,9,2-286,,,,,,,
Marching Band,,Gulhargen Chris,Down to the Mightclub,9,2-285,,,Manuscript,,,,Manuscript masters olny
Marching Band,,Hathaway,Quickstep Rhythms,Cab. 13,,,Pep band Folio,Robbins Music,,,,
Marching Band,,Hathaway,Romance n' Rhythm,cab. 15,,,Pep band Folio,Bourne,,,,
Marching Band,,Heine,Auld Lang Syne (Homecoming Medley),8,2-223,,,Fox,,,,
Marching Band,,Heine,Bury Me Not on the Lone Prairie (Cowboy Medley),8,2-228,,,Fox,,,,
Marching Band,,Heine,Coyboy Medley,8,2-228,,Football,Fox,,,,
Marching Band,,Heine,"Hail,Hail, the gang's all here (homecoming Medley)",8,2-223,,,Fox,,,,
Marching Band,,Heine,Home on the range (cowboy medley),8,2-228,,,Fox,,,,
Marching Band,,Heine,Homecoming Day Medley,8,2-223,,Football,Fox,,,,
Marching Band,,Heine,Little Brown Jug,8,2-224,,,Fox,,,,
Marching Band,,Heine,Red River Valley,8,2-228,,,Fox,,,,
Marching Band,,Heine,Reuben & Rachel,8,2-224,,,Fox,,,,
Marching Band,,Heine,She'll Be comin' around the mountain,8,2-228,,,Fox,,,,
Marching Band,,Heine,Square dance Medley,8,2-224,,Football,Fox,,,,Semper paratus reverse side
Marching Band,,Heine,Turkey in the stew,8,2-224,,,Fox,,,,
Marching Band,,"Henneman, H.",American Fice,Caninet 18,,,Pep band Folio,Belwin,,,,
Marching Band,,Herbert,The Blue Trail Fly,1,1-11,,Novelty,Belwin,,,cond.,
Marching Band,,Herfurth,Skip to My lou,Wksh 15,3-138,,Folk Tune Novelty,Bourne,,,Full,
Marching Band,,Hill,Charles Lee hill's band foloi,cab. 13,,,Pep band Folio,Southern Music,,,,
Marching Band,,Hill,When johnny Comes marching home,11,2-476,,,,,,,
Marching Band,,Johnson,Dagger Dance,8,2-236,,,MS,,,,Manuscript masters
Marching Band,,Johnson,Famer in the Dell(Hi meighbor),8,2-226,,,MS,,,,
Marching Band,,Johnson,Golden Slippers,8,2-237,,Pep band,MS,,,,and manuscript masters
Marching Band,,Johnson,Hi Neighbor,8,2-226,,,MS,,,,& manuscript masters
Marching Band,,Johnson,Rockin' Chiar,8,2-237,,,MS,,,,& manuscript masters
Marching Band,,Johnson,WSC ? (in minor),8,2-229,,,MS,,,,
Marching Band,,Laas,Swintime Bandette Folio,cab 1,,,Pep band Folio,Belwin,,,,
Marching Band,,"Laas, B",50 chorales for band,cab 20,,,Chorale folio,Belwin,,,,
Marching Band,,"Laas, B",Christmas Parade March,9,2-309,,,,,,,
Marching Band,,Lake,"Hail, Hail, the gang's all here",8,2-189,,March,Fischer,,,,
Marching Band,,Lang,Dixieland band book,cab. 1,,,Pep Band Folio,Melrose Music,,,,
Marching Band,,Lee,Sing along show,9,2-310,,Football show,Leonard,,,,
Marching Band,,Leonard,Beautiful brown eyes,8,2-210,,Pop,Leonard,,,,
Marching Band,,Leonard,Ss-Boom,9,2-258,,Pop,Leonard,,,,
Marching Band,,Lobitz,Lassus Trombone,9,2-319,,,,,,,
Marching Band,,MacDermot/Norman,Hair Medley,11,2-477,,,,,,,
Marching Band,,McLeod,america (American Flag Parade),8,2-193 & 2-203,,Patriotic,Schmitt,,,,
Marching Band,,McLeod,American Flag Paradde,8,2-193 & 2-203,,Patriotic,Schmitt,,,,Fanfare- America- SPB in Ab - tp Colorado
Marching Band,,McLeod,Billy Boy (gay Ninety Revue),8,2-200,,,Schmitt,,,,
Marching Band,,McLeod,Clementine (Gay Ninety Revue),16,2-200,,,Schmitt,,,,
Marching Band,,McLeod,Daisey Bell (Gay Ninety Revue),8,2-200,,,Schmitt,,,,
Marching Band,,Mcleod,Downbeat march,5,2-37,,March,Broadcast,,,,
Marching Band,,McLeod,Doxology (unlce sam in review0,8,2-202,,,Schmitt,,,,
Marching Band,,McLeod,Farmer in the Dell (down on the farm),8,2-201,,,Schmitt,,,,
Marching Band,,McLeod,"From Medley""Man on the Flying Trapeze""",8,2-200,,,Schmitt,,,,
Marching Band,,Mcleod,"Girl I left behind me, the",8,2-202,,,Schmitt,,,,
Marching Band,,McLeod,God of Our fathers,8,2-202,,,Schmitt,,,,
Marching Band,,McLeod,Hand me down my walkin' Cane (Gay ninety revue),8,2-200,,,Schmitt,,,,
Marching Band,,McLeod,"Happy farmer, the",8,2-201,,,Schmitt,,,,
Marching Band,,McLeod,Indian PowWow,8,2-202,,,Schmitt,,,,
Marching Band,,McLeod,Irish Washer woman (down on the farm),8,2-201,,,Schmitt,,,,
Marching Band,,McLeod,Little annie rooney,8,2-200,,,Schmitt,,,,
Marching Band,,McLeod,Old Grey Mare,8,2-201,,,Schmitt,,,,
Marching Band,,McLeod,Old MacDonald Had a Farm,8,2-201,,,Schmitt,,,,
Marching Band,,McLeod,"Reuben, Reuben",8,2-201,,,Schmitt,,,,
Marching Band,,McLeod,She'll Be comin' around the mountain,8,2-201,,,Schmitt,,,,
Marching Band,,McLeod,tavern in the Townfrom (gay Ninety revue),8,2-200,,,Schmitt,,,,
Marching Band,,McLeod,To the Colors,16   8,2-193 - 2-203,,bugle call-Harm,Schmitt,,,,
Marching Band,,McLeod,Turkey in the stew,8,2-201,,,Schmitt,,,,
Marching Band,,McLeod,Where has my little dog gone,8,2-201,,,Schmitt,,,,
Marching Band,,McLeon,"Band Played on, the (Gay ninety revue)",8,2-200,,,Schmitt,,,,
Marching Band,,Moffit,Can-Can,9,2-305,,,,,,,
Marching Band,,Moffit,Ezekiel,10,2-375,,,Hal Leonard,,,Full,
Marching Band,,Moffit,Joshua,10,2-362,,Jazz spiritual,Leonard,,1.5 min,Full,
Marching Band,,Moffit,Latin Prelude,10,2-364,,,Leonard,,,Full,
Marching Band,,Moffit,Saints in concert,10,2-363,,,,,,,
Marching Band,,Moffit,Show Fanfares,10,2-376,,,Leonard,,,Full,
Marching Band,,Moffit,Swing Low Sweet Chariot,10,2-377,,,Leonard,,,Full,
Marching Band,,Norman,Abanda,11,2-428,,,,,,,
Marching Band,,Norman,Beginnings,11,2-429,,,,,,,
Marching Band,,Norman,Brotherhood of man,11,2-453,,,,,,,
Marching Band,,Norman,Chattanooga Choo Choo,11,2-486,,,,,,,
Marching Band,,Norman,Chove Chuva,10,2-409,,,,,,,
Marching Band,,Norman,Close to you,10,2-383,,,,,,,
Marching Band,,Norman,Fanfare,11,2-433,,,,,,,
Marching Band,,Norman,Goin' out of my head,11,2-451,,,,,,,
Marching Band,,Norman,How the west was won,11,2-452,,,,,,,
Marching Band,,Norman,MacArthur Park,12,2-507,,,Manuscript,,,,
Marching Band,,Norman,Manon Les count fanfare & Aida,11,2-430,,,,,,,
Marching Band,,Norman,Promises/I say a prayer,11,2-484,,,,,,,
Marching Band,,Norman,Raindrops,11,2-481,,,,,,,
Marching Band,,Norman,The look for love,11,2-458,,,,,,,
Marching Band,,Norman,"Up, Up & away medley",11,2-423,,,,,,,
Marching Band,,Norman,Variations on a theme,11,2-431,,,,,,,
Marching Band,,Norman,Various Arrangements #1,12,2-512 - 2-526,,,,,,,15 marching band arrangments by Ken Norman in blue folder
Marching Band,,Norman,Various Arrangements #2,12,2-527 - 2-529,,,,,,,3 marching band arran. By k. Norman in black folder
Marching Band,,Norman,Yesterdays,11,2-457,,,,,,,
Marching Band,,Ostling,Fastime Bandette Folio,Cab. 12,,,Pep band Folio,Belwin,,,,
Marching Band,,Ostling,Marchtime bandette Folio,Cab.8,,,Pep band Folio,Belwin,,,,
Marching Band,,ostling,Pageantime Bandette Folio,cab. 17,,,Pep band Folio,Belwin,,,,
Marching Band,,Ostling,Peptime Bandette Folio,cab. 5,,,Pep band Folio,Belwin,,,,
Marching Band,,Ostling,Routine-Ettes,cab. 18,,,Marching routines,Belwin,,,,
Marching Band,,Ostling,Sportime Bandette Folio,Cab 4,,,Pep band Folio,Belwin,,,,
Marching Band,,Ostling,streetime Bandette Folio,cab 14,,,Pep band Folio,Belwin,,,,
Marching Band,,Ostling & Cuthbert,Stuntime Bandette Folio,cab 2,,,Pep band Folio,Belwin,,,,Score w/ 1/2 time shows
Marching Band,,"Ostling, Acton",Thirty-Three Famous March Trios,Cab 4,,,Pep band Folio,Belwin,,,,
Marching Band,,"Ostling, acton",Twenty-Nine More March trios,Cab 11,,,Pep band Folio,Belwin,,,,
Marching Band,,"Parker, R",Barefootin,,leonard,,10,2-418,,,,
Marching Band,,Plumb,Dry Bones,8,2-239,,,MS,,,,
Marching Band,,"Richard, Frank","Lighter Side of Christmas, The",16,3-196,,Workshop,Hill & Range Songs,,,,
Marching Band,,Sanders,America the beautiful,5,2-3,,,,,,,
Marching Band,,Sanders,With the marines,5,2-3,,Patriotic,Ascher,,,,
Marching Band,,Sousa,Atlantic City Pageant,8,2-249,,march,Fox,,,,Army ROTC
Marching Band,,Vanfre & Lesinsky,Restin' on the old camp tunes,cab. 2,,,Rhythm,Gamble-Hinged,,,,
Marching Band,,Wellsandt,Ch:1968 (tension) Pt. II-V,11,2-489,,,,,,,
Marching Band,,Wellsandt,Everbody's talkin' / man vs man,9,2-316,,,,,,,
Marching Band,,Wellsandt,I can't Quit her,11,2-490,,,,,,,
Marching Band,,Wellsandt,Janacek opener & fanale,9,2-315,,,,,,,
Marching Band,,Wellsandt,Tommy Overture,11,2-483,,,,,,,
Marching Band,,"Werle, Floyd",Walt Disney band Showcase,17,3-237,,Workshop,Bourne,,,Cond,
Marching Band,,Wm. Billingsley,Antiphonal fanfare No. 1,10,2-354,,Fanfare,,,,,
Marching Band,,Yoder,A Frangesa (The old Army Game),6,2-101,,March,Rubank,,,,
Marching Band,,Yoder,America Swings, Caninet 3,,,"Feist, Leo",Pep Band Folio,,,,
Marching Band,,Yoder,Band - Shows #1,cab. 19,,,Marching band folio,Neila Kjus,,,,
Marching Band,,Yoder,Battle Hymn of the Republic (American melodies),5,2-4,,,Rubank,,,,
Marching Band,,Yoder,College songs for school bands,cab.21,,,Pep band Folio,Melrose Music,,,,
Marching Band,,Yoder,"Hail, hail, the gang's all here (hello march)",5,2-58,,,Rubank,,,,
Marching Band,,Yoder,He's a jolly Good Fellow (hello march),5,2-58,,,Rubank,,,,
Marching Band,,Yoder,Hinky Dinky,6,2-101,,March,Rubank,,,,
Marching Band,,Yoder,How do you do (hello march),5,2-58,,,Rubank,,,,
Marching Band,,Yoder,Old Army Game,6,2-101,,March Medley,Rubank,,,,Hinky Dinky-You're in the army now-'A frangesa
Marching Band,,Yoder,Schnitzelbank,7,2-180,,,Feist,,,,
Marching Band,,Yoder,Tiger rag,8,2-206,,Dixie,Feist,,,,
Marching Band,,Yoder,What's the matter,5,2-58,,,Rubank,,,,
Marching Band,,Yoder,When johnny Comes marching home,5,2-4,,,Rubank,,,,
Marching Band,,Yoder,Whiffenproff Song,7,2-163,,,Miller,,,,
Marching Band,,Yoder,Yankee Doodle,5,2-4,,,Rubank,,,,
Marching Band,,Yoder,You're in the army now,6,2-101,,March,Rubank,,,,
Marching Band,,,Bandmaster's folio of college marches,cabinet-10,,,March folio,Melrose Music,,,,
Marching Band,,,For he's a jolly good fellow,9,2-312,,Football show,,,,,
Marching Band,,,"Growl, Bengals Growl",4,1-154,,,,,,,Z envelopes (brass/winds) with same #
Marching Band,,,Old Ark's A Movin,8,2-235,,,MS,,,,
Marching Band,,,Soloman Levi,7,2-185,,march,,,,,
