library,composer,arranger,title,publisher,b-81.0,score,missing_parts,comments,drawer,type,column_12,column_13,column_14,column_15,column_16,column_17,column_18,column_19,column_20,column_21,column_22,column_23,column_24,column_25,column_26
Orchestra,"Adler, Samuel",,Concertina,Schirmer,A 6.0,,,,1,String,,,,,,,,,,,,,,,
Orchestra,"Albinoni, Tomaso",,Sonata a Cinque Op. 5 #9,Boosey & Hawkes,A 2.1,,,,1,String,,,,,,,,,,,,,,,
Orchestra,"Albinoni, Tomaso","Kolneder, Walter","Concerto A Major for String Orchestra Op 7, #7",Eulenburg,A-1,Full,,,1,Concerto/String,,,,,,,,,,,,,,,
Orchestra,"Albinoni, Tomaso","Kolneder, Walter",Concerto per 2 oboi e archi Op. 9 No. 3,Eulenburg,A-2,Full,,,1,Concerto,,,,,,,,,,,,,,,
Orchestra,"Anderson, Leroy",,"Plink, Plank, Plunk!",,A 3.1,,,,,,,,,,,,,,,,,,,,
Orchestra,"Anderson, Leroy",,A Christmas Festival,Mills,A 3.3,Full,,,1,Holiday,,,,,,,,,,,,,,,
Orchestra,"Anderson, Leroy",,Promenade,Mills,A-3,Full,,,1,Misc.,,,,,,,,,,,,,,,
Orchestra,"Anderson, Leroy",,Sleigh Ride,,S 40.1,,,,,,,,,,,,,,,,,,,,
Orchestra,"Arensky, Anton","Kramer, Walter",Suite in Canon Form Op. 65,Witmark & Sons,A-4,Full,,,1,Strings/Suite,,,,,,,,,,,,,,,
Orchestra,"Arensky, Anton","Maganini, Q.",Variations on a Theme by Tschaikowsky,Ed. Musicus,A-5,Full,,,1,Strings,,,,,,,,,,,,,,,
Orchestra,"Bach, C.P.E.",Steinberg,Concerto in D Major,Kalmus,B-1,Full,,,1,Concerto,,,,,,,,,,,,,,,
Orchestra,"Bach, C.P.E.","Oberdoerffer, F.",Sinfonia in C Major,Robert Lienau,B-2,Full,,,1,Strings,,,,,,,,,,,,,,,
Orchestra,"Bach, C.P.E.",,Concerto for Flute in D Minor,,B-27.2,,,,,,,,,,,,,,,,,,,,
Orchestra,"Bach, J.S.",,Brandenburg Concerto No. 5,Broude,B-10,Full,,,1,Concerto,,,,,,,,,,,,,,,
Orchestra,"Bach, J.S.",,Cantata No. 51,Kalmus,B-10.1,,,,1,With Chorus,,,,,,,,,,,,,,,
Orchestra,"Bach, J.S.",,"""Christ lag in Todesbanden"" Cantata No. 4",,B-11,Full,,,1,Cantata,,,,,,,,,,,,,,,
Orchestra,"Bach, J.S.",,Christmas Oratorio (Weihnachts - Oratorium),Kalmus,B-12 (A & B),,,,1,Chorus & Orchestra,,,,,,,,,,,,,,,
Orchestra,"Bach, J.S.","Gordon, Philip","""From ill Do Thou Defend Us"" Chorale Prelude",Bourne,B-13,Full,,,1,Chorale,,,,,,,,,,,,,,,
Orchestra,"Bach, J.S.","Cilliet, Lucien",Fugue in G Minor (The Little),Fischer,B-14,Piano-Conductor,,,1,Misc.,,,,,,,,,,,,,,,
Orchestra,"Bach, J.S.","Grant, Francis",Fuge in G Minor (The Little),Concert Music,B-15,,,,1,Misc.,,,,,,,,,,,,,,,
Orchestra,"Bach, J.S.",Straube,Magnificat,Peters,B-16,,,,1,With Chorus,,,,,,,,,,,,,,,
Orchestra,"Bach, J.S.",,Mass in B Minor,Kalmus,B-17,Piano Reduction,,,1,With Chorus,,,,,,,,,,,,,,,
Orchestra,"Bach, J.S.",Reger,"O Man, Bewail Thy Grievous Sin",Associated,B-18,Full,,,1,Strings,,,,,,,,,,,,,,,
Orchestra,"Bach, J.S.","Campbell-Watson, F.",Passacagli and Fugue in C Minor,Witmark & Sons,B-19,,,,1,Strings,,,,,,,,,,,,,,,
Orchestra,"Bach, J.S.",,Piano Concerto in D Minor,Kalmus,B-20,Full,,,1,Concerto,,,,,,,,,,,,,,,
Orchestra,"Bach, J.S.",,Organ Concerto in A Minor,Associated Music Pub.,B-20.1,,,,1,Concerto,,,,,,,,,,,,,,,
Orchestra,"Bach, J.S.",Abert,"Prelude, Choral & Fugue",Fischer,B-21,Full,,,1,With Chorus,,,,,,,,,,,,,,,
Orchestra,"Bach, J.S.",Demarest,Prelude & Fugue in D Minor,Witmark & Sons,B-22,Full,,,1,Misc.,,,,,,,,,,,,,,,
Orchestra,"Bach, J.S.",FAB,Sonata,Manuscript,B-23,None,,,1,Sonata,,,,,,,,,,,,,,,
Orchestra,"Bach, J.S.",,Suite No. 1 in C Major,Kalmus,B-24,Full,,,1,Suite,,,,,,,,,,,,,,,
Orchestra,"Bach, J.S.",,"Concerto in C minor for oboe, violin, and strings",Barenreiter-Verlag,B-24.5,Full,,,2,Concerto,,,,,,,,,,,,,,,
Orchestra,"Bach, J.S.",,Overture (Suite) No. 3,Broude Brothers,B-24.6,No Score,,,2,Suite,,,,,,,,,,,,,,,
Orchestra,"Bach, J.S.",,Concerto for Two Pianos in C Major,Kalmus,B-25,Full,,,1,Concerto,,,,,,,,,,,,,,,
Orchestra,"Bach, J.S.",,Violin Concerto,,B-26,,,"This is the A Minor Violin Concerto transposed to G Minor. Only one copy of each for Violin I, Violin II, Viola & Cello.",1,Concerto,,,,,,,,,,,,,,,
Orchestra,"Bach, J.S.","Campbell-Watson, F.",We All Believe In One True God,Witmark & Sons,B-27,Full,,,1,Strings,,,,,,,,,,,,,,,
Orchestra,"Bach, J.S.",,Sinfonia,Luck's,B-27.1,,,,1,Strings,,,,,,,,,,,,,,,
Orchestra,"Bach, J.S.",Stokowski,Adagio from Toccata and Fugue in C,Broude,B-3,Full,,,1,Misc.,,,,,,,,,,,,,,,
Orchestra,"Bach, J.S.","Coffman, Phil",Adagio,Manuscript,B-4,Full,,,1,Misc.,,,,,,,,,,,,,,,
Orchestra,"Bach, J.S.",,Air,Photocopies,B-5,Full,,,1,Strings,,,,,,,,,,,,,,,
Orchestra,"Bach, J.S.",Damrosch,A Mighty Fortress Is Our God,Witmark & Sons,B-6,Full,,,1,"Misc,",,,,,,,,,,,,,,,
Orchestra,"Bach, J.S.",,Brandenburg Concerto No. 1,Kalmus,B-6,,,,1,,,,,,,,,,,,,,,,
Orchestra,"Bach, J.S.",,Brandenburg Concerto No. 2,Broude,B-7,Full,,,1,Strings,,,,,,,,,,,,,,,
Orchestra,"Bach, J.S.",,Brandenburg Concerto No. 3 - G Major,Forest L. Etling,B-8,Full,,,1,Strings,,,,,,,,,,,,,,,
Orchestra,"Bach, J.S.",,Brandenburg Concerto No. 4,Kalmus,B-9,,,,1,Concerto,,,,,,,,,,,,,,,
Orchestra,"Balakirev, Mily",Stoessel,Song of the Volga Boatmen,Birchard,S-33.0,Piano/Conductor,,,10,Misc.,,,,,,,,,,,,,,,
Orchestra,"Barber, Samuel",,"Second Essay, Op. 17",Schirmer,B-28,Full,,,1,Misc.,,,,,,,,,,,,,,,
Orchestra,"Barber, Samuel",,"Adagio for Strings, Op. 11",Luck's,B-28.1,,,,1,Strings,,,,,,,,,,,,,,,
Orchestra,"Barlow, Wayne",,The Winter's Passed,C. Fischer,B-29,Full,,,1,Strings,,,,,,,,,,,,,,,
Orchestra,"Bartok, Bela","Willner, Arthur",Romanian Folk Dances,Boosey & Hawkes,B-30,Full,,,1,Suite,,,,,,,,,,,,,,,
Orchestra,"Beethoven, Ludwig van",,Choral Fantasy,Kalmus,B-31,full,,,1,with chorus & piano,,,,,,,,,,,,,,,
Orchestra,"Beethoven, Ludwig van",,Consecration of the House - Overture to,Luck's,B-32,,,,1,overture,,,,,,,,,,,,,,,
Orchestra,"Beethoven, Ludwig van",,Die Geschoepfe des Prometheus - Overture,,B-33,,,"See another edition on the title ""The Men of Prometheus""",1,overture,,,,,,,,,,,,,,,
Orchestra,"Beethoven, Ludwig van",,Egmont Overture,Fisher,B-34,,,,1,overture,,,,,,,,,,,,,,,
Orchestra,"Beethoven, Ludwig van",,King Stephan Overture,Boosey & Hawkes,B-35,full,,,1,overture,,,,,,,,,,,,,,,
Orchestra,"Beethoven, Ludwig van",Chas. J. Roberts,"Leonore Overture Op 72, No. 3",Fischer,B-36,Piano-cond.,,See also B-37,1,overture,,,,,,,,,,,,,,,
Orchestra,"Beethoven, Ludwig van",,"Leonore No. 3, overture",Kalmus,B-37,,,"Inoomplete. See also, B-36",1,overture,,,,,,,,,,,,,,,
Orchestra,"Beethoven, Ludwig van",,Messe in C Major,Breitkopf & Hartels/ Some Kalmus,B-38,,,,1,With Chorus,,,,,,,,,,,,,,,
Orchestra,"Beethoven, Ludwig van","Winter, Aubrey",Men of Prometheus,,B-39,Piano-Conductor,,"See another edition under the title, ""Die Geschoepfe des Prometheus - Overture""",2,Misc.,,,,,,,,,,,,,,,
Orchestra,"Beethoven, Ludwig van",,Concerto No. 3 for Piano,Kalmus,B-40,,,,2,concerto,,,,,,,,,,,,,,,
Orchestra,"Beethoven, Ludwig van",,"Concerto No. 4, op. 58, for Piano",Luck's Music Library,B-41,Full,,,2,Concerto,,,,,,,,,,,,,,,
Orchestra,"Beethoven, Ludwig van",,"Concerto No. 5 for piano, op. 73",Kalmus and Breitkopf & Hartel,B-42,,,,2,concerto,,,,,,,,,,,,,,,
Orchestra,"Beethoven, Ludwig van",,"Symphony No. 1 in C Major, Op. 21",Breitkopf & Hartel & Kalmus,B-43,,,,2,Symphony,,,,,,,,,,,,,,,
Orchestra,"Beethoven, Ludwig van",,"Symphony No. 2 in D Major, Op. 36",Peters,B-44 (A & B),,,,2,Symphony,,,,,,,,,,,,,,,
Orchestra,"Beethoven, Ludwig van",,"Symphony No. 3 ""Eroica"" in E-flat Major, Op. 55",Peters,B-45.0 (A & B),,,,2,Symphony,,,,,,,,,,,,,,,
Orchestra,"Beethoven, Ludwig van",,"Symphony No. 4, Op. 60",Kalmus,B-46.0,Full,,,2,Symphony,,,,,,,,,,,,,,,
Orchestra,"Beethoven, Ludwig van",,Symphony No. 5,,B-47.0,,,Not Complete,2,,,,,,,,,,,,,,,,
Orchestra,"Beethoven, Ludwig van",,"Symphony No. 6 ""Sinfonia Pastorale"" in F Major, Op. 68",Kalmus & Breitkopf & Hartel,B-48.0,,,,2,Symphony,,,,,,,,,,,,,,,
Orchestra,"Beethoven, Ludwig van",,Symphony No. 7,Peters,B-49.0 (A & B),,,,2,Symphony,,,,,,,,,,,,,,,
Orchestra,"Beethoven, Ludwig van",,"Symphony No. 8 in F Major, Op. 93",Hampton,B-50.0 (A & B),Full,,,2,Symphony,,,,,,,,,,,,,,,
Orchestra,"Beethoven, Ludwig van","Castellini, John E. & Stringham, Edwin",Twelve Contredances Vol. I (1-6),Music Press Inc.,B-51.0,Full,,,2,Misc.,,,,,,,,,,,,,,,
Orchestra,"Beethoven, Ludwig van",,"Concerto for Violin in D Major, Op. 61",Kalmus,B-52.0,Full,,,2,Concerto,,,,,,,,,,,,,,,
Orchestra,"Bellini, Vincenzo",,"Hear Me, Norma",Leo Feist,V-4.0 (A & B),,,Album of Operatic Airs - Filed under Verdi - Aida,11,Misc.,,,,,,,,,,,,,,,
Orchestra,"Berlioz, Hector",,"3 Orchestra Pieces from ""Damnation of Faust""",Kalmus,B-52.5,Score Only,,,2,,,,,,,,,,,,,,,,
Orchestra,"Berlioz, Hector",,Hungarian March (Ungarischer Marsch) Op. 24,Breitkopf & Hartel,B-53.0,,,,2,March,,,,,,,,,,,,,,,
Orchestra,"Berlioz, Hector",,Roman Carnival - Overture,Breitkopf & Hartel,B-54.0,,,,2,Overture,,,,,,,,,,,,,,,
Orchestra,"Berlioz, Hector",,Symphonie Fantastique,Lucks,B-54.1 A & B,,,,2,Full,,,,,,,,,,,,,,,
Orchestra,"Bizet, George","Zamecnic, J.S.",,Sam Fox,B-55.0,,,,2,misc,,,,,,,,,,,,,,,
Orchestra,"Bizet, George",,"""Carmen"" Micaela Aria - Je dis, que",Lucks,B-56.0,full,,,2,misc.,,,,,,,,,,,,,,,
Orchestra,"Bizet, George",,Carmen - Sequidilla and Duet,Lucks,B-57.0,full,,,2,misc.,,,,,,,,,,,,,,,
Orchestra,"Bizet, George",,Carmen Suite No. 1,Kalmus,B-58.0,full,,,2,Suite,,,,,,,,,,,,,,,
Orchestra,"Bizet, George",,Carmn Suite No. 1,Fischer,B-59.0,,,,2,Suite,,,,,,,,,,,,,,,
Orchestra,"Bizet, George",,Carmen Suite No. 2,Broude,B-60.0,,,,2,Suite,,,,,,,,,,,,,,,
Orchestra,"Bizet, George",,Carmen - Toreador Song,Lucks,B-61.0,full,,,2,misc.,,,,,,,,,,,,,,,
Orchestra,"Bizet, George",,L'Arlesienne Suite No. 1,Fischer/Kalmus,B-62.0,piano/conductor,,,2,Suite,,,,,,,,,,,,,,,
Orchestra,"Bizet, George",,L-Arlesienne Suite No. 2,Schirmer,B-63.0,Violin - Conductor,,,2,Suite,,,,,,,,,,,,,,,
Orchestra,"Bizet, George","Isaac, Merle J.",L'Arlseienne Suite No. 2 - Farandole,Lucks,B-63.3,full,,,2,Suite,,,,,,,,,,,,,,,
Orchestra,"Bizet, George",,Symphony No. 1,Universal,B-64,full,,,2,Symphony,,,,,,,,,,,,,,,
Orchestra,"Bizet, George",,Carmen - Toreador's Song,Leo Feist,V-40.0 (A & B),,,Album of Operatic Airs - filid under Verdi - Aida,11,misc.,,,,,,,,,,,,,,,
Orchestra,"Bocchenini, Luigi",,Cello Concerto in Bb Major,Kalmus,B-64.5,,,one complete set of (single) parts,3,,,,,,,,,,,,,,,,
Orchestra,"Boieldieu, François-Adrien",Roberts,Caliph of Bagdad,Fischer,B-65.0,Piano/Conductor,,,2,Overture,,,,,,,,,,,,,,,
Orchestra,"Bolzoni, Giovanno",Dasch,Minuetto,Fitzsimmons Co.,B-66.0,,,,2,Strings,,,,,,,,,,,,,,,
Orchestra,"Borodin, Alexander",,On the Steppes of Central Asia,Schirmer,B-67.0,Piano/Coductor,,,2,Misc.,,,,,,,,,,,,,,,
Orchestra,"Borodin, Alexander",,Symphony No. 2,Kalmus,B-68.0 (A & B),Full,,,3,Symphony,,,,,,,,,,,,,,,
Orchestra,"Brahms, Johannes",,Academic Festival Overture,Breitkopf & Hartel,B-69.0,,,,3,Overture,,,,,,,,,,,,,,,
Orchestra,"Brahms, Johannes",,,Kalmus,B-70.0,,,,3,Concerto,,,,,,,,,,,,,,,
Orchestra,"Brahms, Johannes","Matesky, Ralph",Hungarian Dance No. 1 in G Minor,Chappell,B-71.0,Full,,,3,Misc.,,,,,,,,,,,,,,,
Orchestra,"Brahms, Johannes",,"Serenade No. 1 in D Major, Op. 11",Breitkopf & Hartel,B-72.0,Full,,,3,Misc.,,,,,,,,,,,,,,,
Orchestra,"Brahms, Johannes",,"Symphony No. 1 in C Minor, Op. 68",Breitkopf & Hartel,"B-73 (A, B & C)",Full,,,3,Symphony,,,,,,,,,,,,,,,
Orchestra,"Brahms, Johannes",,"Symphony No. 3 in F Major, Op. 90",Kalmus,B-75.0,,,,3,Symphony,,,,,,,,,,,,,,,
Orchestra,"Brahms, Johannes",,"Tragic Overture, Op. 81",Kalmus,B-75.0,Full,,,3,Overture,,,,,,,,,,,,,,,
Orchestra,"Brahms, Johannes",,Variations on a Theme by Joseph Haydn,Kalmus,B-76.0,,,,3,Misc.,,,,,,,,,,,,,,,
Orchestra,"Britten, Benjamin",,,Boosey & Hawkes,B-77.0,,,,3,Suite,,,,,,,,,,,,,,,
Orchestra,"Bruch, Max",,"Violin Concerto in G Minor, Op. 26",Broude Brothers,B-78.0,,,,3,Concerto,,,,,,,,,,,,,,,
Orchestra,"Bukvich, Daniel",,Scalp Dance,,B 81.0,,,,,,,,,,,,,,,,,,,,
Orchestra,"Bukvich, Daniel",,Fantasy for Two Marimbas and Orchestra,Manuscript,B-79.0,Full,,,3,Concerto,,,,,,,,,,,,,,,
Orchestra,"Bukvich, Daniel",,Gershwin Finale,Manuscript,B-80.0,,,,3,Chorus with Orchestra,,,,,,,,,,,,,,,
Orchestra,"Cacavas, John",,Overtura Concertante,,C-1.0,Full,,"""B"" Set",3,Overture,,,,,,,,,,,,,,,
Orchestra,"Cadman, Charles",,American Suite,Composers Press,C-2.0,Full,,,3,Suite,,,,,,,,,,,,,,,
Orchestra,"Catalani, Alfredo",,"La Wally - ""Abben? Ne Andro Lontana""",Kalmus,C-3.0,Full,,For Soprano,3,Misc.,,,,,,,,,,,,,,,
Orchestra,"Chabrier, Emmanuel","Roberts, Chas. J.",Espana Rhapsody,Fischer,C-4.0,Piano/Conductor,,,3,Misc.,,,,,,,,,,,,,,,
Orchestra,"Chadwick, George W.",,Jubilee and Noel,Schirmer,C-5.0,,,,3,Misc.,,,,,,,,,,,,,,,
Orchestra,"Chopin, Fredrich",,"Concerto for Piano No. 2 in F Minor, Op. 21",Breitkopf & Hartel,C-6.0,Full,,,3,Concerto,,,,,,,,,,,,,,,
Orchestra,"Cimorosa, Domenico",Winter,Three Brothers - Overture,Boosey & Hawkes,C-7.0,Piano/Conductor,,,3,Overture,,,,,,,,,,,,,,,
Orchestra,"Copeland, Aaron",,Rodeo - Buckaroo Holiday,Boosey & Hawkes,C-10.0,Full,,,3,Suite,,,,,,,,,,,,,,,
Orchestra,"Copeland, Aaron",,Rodeo - Hoe Down,Boosey & Hawkes,C-11.0,Full,,,3,Suite,,,,,,,,,,,,,,,
Orchestra,"Copeland, Aaron",,Rodeo - Saturday Night Waltz,Boosey & Hawkes,C-12.0,Full,,,3,Suite,,,,,,,,,,,,,,,
Orchestra,"Copeland, Aaron",,Fanfore for the Common Man,,c-12.1,,,,3,Winds only,,,,,,,,,,,,,,,
Orchestra,"Copeland, Aaron",,An Outdoor Overture,Boodey & Hawkes,C-8.0,Full,,,3,overture,,,,,,,,,,,,,,,
Orchestra,"Copeland, Aaron",,Quiet City,Boodey & Hawkes,C-9.0,Full,,"For strings, trumpet and english horn",3,Misc.,,,,,,,,,,,,,,,
Orchestra,"Corelli, Arcangelo","Bruni, Massino","Sonata da Chiesa Op. 3, No. 12",Gugliemo Zanibon,C-15.7,Full,8 Min.,,3,String,,,,,,,,,,,,,,,
Orchestra,"Corelli, Archangelo",A Medeo de Filippi,Adagio,Concord Music,C-13.0,Full,,Wind Parts Avilable,3,String,,,,,,,,,,,,,,,
Orchestra,"Corelli, Archangelo",,"Concerto Grosso, Op. 6, No. 4",Lucks,C-14.0,,,,3,Concerto,,,,,,,,,,,,,,,
Orchestra,"Corelli, Archengelo",,"Concerto Grosso No. 8 ""Christmas Concerto",Associated,C-15.0,Piano,,,3,Concerto,,,,,,,,,,,,,,,
Orchestra,"Corigliano, John",,Elegy for Orchestra,Schirmer,C-16.0,Full,,,3,Misc.,,,,,,,,,,,,,,,
Orchestra,"Couperin, Francois",Milhaud,"""La Sultana"" Suite - Overture & Allegro",Elkan-Vogel,C-17.0,Piano/Conductor,,,3,Overture/Suite,,,,,,,,,,,,,,,
Orchestra,"Crumb, George",,Echoes of Time and The River,Kalmus,c-25.0,Score Only,,,3,Full,,,,,,,,,,,,,,,
Orchestra,"Daniels, M.L.",,Elegy,Etling,D-23.0,,,,3,Strings,,,,,,,,,,,,,,,
Orchestra,"Daniels, M.L.",,Pendelton Suite,Etling,D-24.0,,,,3,Strings,,,,,,,,,,,,,,,
Orchestra,"Dasch, George",,Colonial Dance,Fitzsimmons,D-1.0,Full,,,3,Misc.,,,,,,,,,,,,,,,
Orchestra,"De Prosse, Angelo",Isaac,Petite Bourree,Fischer,D-10.0,Full,,,4,Misc.,,,,,,,,,,,,,,,
Orchestra,"Debussy, Claude",,Bergamasque Suite - Claire de Lune,Elkan-Vogel,D-2.0,Piano/Conductor,,,3,Misc.,,,,,,,,,,,,,,,
Orchestra,"Debussy, Claude",,La Mer,Kalmus,D-3.0 (A & B),Full,,,3,Misc.,,,,,,,,,,,,,,,
Orchestra,"Debussy, Claude",,"Nocturnes - Nuages, Fetes, Sirenes",Kalmus,D-4.0 (A & B),Full,,,4,Misc.,,,,,,,,,,,,,,,
Orchestra,"Debussy, Claude",,Petite Suite,Lucks,D-5.0,Full,,,4,Suite,,,,,,,,,,,,,,,
Orchestra,"Debussy, Claude",,Prelude to an Afternoon of a Faun,Kalmus,D-6.0,Full,,,4,Misc.,,,,,,,,,,,,,,,
Orchestra,"Delibes, Léo",,Coppelia - Valse Lente,Leo Feist,V-4.0 (A & B),,,Album of Operatic Airs - filed under Verdi - Aida,11,Waltz,,,,,,,,,,,,,,,
Orchestra,"Delius, Fredrick",,2 Pieces for Small Orchestra,Oxford University Press,D 7.1,,,,4,Strings,,,,,,,,,,,,,,,
Orchestra,"Delius, Fredrick",Beecham,The Walk to the Paradise Garden,Boosey & Hawkes,D-7.0,Piano/Conductor,,,4,Misc.,,,,,,,,,,,,,,,
Orchestra,"Dello Joio, Norman",,Lyric Fantisies for Viola Solo & String Orchestra,Associated Music,D- 9.0,Full,,,4,String,,,,,,,,,,,,,,,
Orchestra,"Dello Joio, Norman",,Choreography - Thee Dances for String Orchestra,Edward B Marks Music,D-8.0,Full,,,4,String,,,,,,,,,,,,,,,
Orchestra,"Devienne, Francois","Szebenyi, Janos",Concerto No. 8 in G Major for Flute and Orchestra,Boosey & Hawkes,D-11.0,Full,,,4,Concerto,,,,,,,,,,,,,,,
Orchestra,"Diamond, David",,Rounds for String Orchestra,Elkan-Vogel,D-12.0,Full,,,4,String,,,,,,,,,,,,,,,
Orchestra,"Donizetti, Gaetano",,,Lucks,D-13.0,Full,,,4,Misc.,,,,,,,,,,,,,,,
Orchestra,"Dorati, Antal",,La Vie Parisienne (themes by Offenbach),,D-14.0,Piano/Conductor,,,4,Overture,,,,,,,,,,,,,,,
Orchestra,"Dubensky, Arcady",,Old Russian Soldiers,Associated,D-15.0,Full,,,4,Strings,,,,,,,,,,,,,,,
Orchestra,"Dukas, Paul","Miller, Donald",Villanelle for Horn and Orchestra,Kalmus,D-16.0,None,,,4,Solo,,,,,,,,,,,,,,,
Orchestra,"Dvořák, Antonín",,Carneval- Overture,Kalmus,D-16.0,,,,4,Overture,,,,,,,,,,,,,,,
Orchestra,"Dvořák, Antonín",,Concerto for Cello,Lucks,D-17.0,,,,4,Concerto,,,,,,,,,,,,,,,
Orchestra,"Dvořák, Antonín","Isaac, Merle J.",New World Symphony - 1st Movement,Belwin Mills,D-17.5,,,,4,Symphony,,,,,,,,,,,,,,,
Orchestra,"Dvořák, Antonín",,"Serenade for Strins, Op. 22",Kalmus,D-18.0,Full,,,4,Stings,,,,,,,,,,,,,,,
Orchestra,"Dvořák, Antonín",,"Symphony No. 4 in G Major, Op. 88",Kalmus,D-20.0,,,,4,Symphony,,,,,,,,,,,,,,,
Orchestra,"Dvořák, Antonín",,,Kalmus,D-21.0,,,,4,Symphony,,,,,,,,,,,,,,,
Orchestra,"Dvořák, Antonín",,Largo from Symphony No. 5,Carl Fischer,D-21.1,,,,4,Symphony,,,,,,,,,,,,,,,
Orchestra,"Dvořák, Antonín",,"Othello Overture, Op. 93",Lucks,D-22.0,,,,4,Overture,,,,,,,,,,,,,,,
Orchestra,"Dvořák, Antonín","Kopp, Rudolph","Sinfonietta in G Major, ""From the Western World""","Silver, Burdett & Co.",D.19.0 (A & B),Full,,,4,Sinfonietta,,,,,,,,,,,,,,,
Orchestra,"Elgar, Edward","Glenn, H.W.",,Boosey & Hawkes,E-1.0,Piano/Conductor,,,4,March,,,,,,,,,,,,,,,
Orchestra,"Elgar, Edward","Schmid, Adolf","Pomp & Circumstance, No. 1 in D, Op. 39",Boosey & Hawkes,E-2.0,,,,4,March,,,,,,,,,,,,,,,
Orchestra,"Elgar, Edward",,Serenade for String Orchestra,Lucks,E-2.5,,,,4,,,,,,,,,,,,,,,,
Orchestra,"Elgar, Edward",,"Serenade for Strings, Op. 20",Kalmus,E-2.5,,,,4,String,,,,,,,,,,,,,,,
Orchestra,"Enesco, Georges",,"Romanian Rhapsody No. 1, Op. 11",Kalmus,E-4.0,,,,4,Misc.,,,,,,,,,,,,,,,
Orchestra,"Erickson, Frank",,Air for Orchestra,Bourne,E-5.0,Full,,,4,Misc.,,,,,,,,,,,,,,,
Orchestra,"Faure, Gabrielle",,Pavane,Kalmus,F-1.0,,,,4,Misc.,,,,,,,,,,,,,,,
Orchestra,"Flagello, Nicolas",,Concerto for String Orchestra,General Music Pub.,F-2.0,Full,,,4,Concerto,,,,,,,,,,,,,,,
Orchestra,"Flotow, Friedrich von","Zamecnik, J.S.",Martha,Fox,F-3.0,,,Abridged Concert Version,4,Misc.,,,,,,,,,,,,,,,
Orchestra,"Flotow, Friedrich von",,Martha - How So Fair,Leo Feist,V-4.0 (A & B),,,Album of Operatic Airs - Filed under Verdi - Aida,11,Misc.,,,,,,,,,,,,,,,
Orchestra,"Foote, Arthur",,Air,Lucks,F-4.5,,,,4,String,,,,,,,,,,,,,,,
Orchestra,"Franck, Cesar",,Symphony in D Minor,Kalmus,F-4.0 (A & B),,,,4,Symphony,,,,,,,,,,,,,,,
Orchestra,"Franck, Cesar",,Symphonic Variations,Enoch & Co.,F-5.0,Full,,,4,Misc.,,,,,,,,,,,,,,,
Orchestra,"Frescobaldi, Girolamo","Kindler, Hans",Toccata,Mills,F-6.0,Full,05:25:00,,4,Misc.,,,,,,,,,,,,,,,
Orchestra,"Gershwin, George","Grofe, Ferde",Rhapsody in Blue,Harms,G-2.0,Full,,,4,Misc.,,,,,,,,,,,,,,,
Orchestra,"Giannini, Vittorio",,Symphony No. 2,Chappell & Co.,G-3.0,Full,,,4,Symphony,,,,,,,,,,,,,,,
Orchestra,"Giannini, Vittorio",,Concerto Grosso for String Orchestra,Elkan-Vogel,G-3.5,,,Score Only,4,Concerto,,,,,,,,,,,,,,,
Orchestra,"Gillis, Don",,"The January, February, March for Orchestra",Boosey & Hawkes,G-4.0,Full,,,5,March,,,,,,,,,,,,,,,
Orchestra,"Gliere, Rheinhold","Cohn, Arthur","Cortege from ""The Red Poppy""",Elkan-Vogel,G-5.0,Full,,,5,March,,,,,,,,,,,,,,,
Orchestra,"Gliere, Rheinhold",Michael Story,Russina Sailors' Dance,,G-5.1,,,,,,,,,,,,,,,,,,,,
Orchestra,"Glinka, Michael Ivanovich","Sopkin, Henry",Russin & Ludmilla Overture,Fischer - Am. Orch. Ed.,G-6.0,Full,,,5,Overture,,,,,,,,,,,,,,,
Orchestra,"Gluck, C.W. von","Roberts, Charles J.",In Apollo's Temple,Fischer,G-7.0,Full,,,5,Misc.,,,,,,,,,,,,,,,
Orchestra,"Gluck, C.W. von","Wagner, Richard",Iphegenia in Aulis Overture,Breitkopf & Hartel,G-8.0,,,,5,Overture,,,,,,,,,,,,,,,
Orchestra,"Goldmark, Carl",,Sakuntala,Hampton,G-9.0,,,,5,Overture,,,,,,,,,,,,,,,
Orchestra,"Gould, Morton",,,Mills,G-10.0,Full,,,5,Misc.,,,,,,,,,,,,,,,
Orchestra,"Gould, Morton",,Red Cavalry March,Mills,G-11.0,Piano/Conductor,,,5,March,,,,,,,,,,,,,,,
Orchestra,"Gould, Morton",,Spirituals for Strings,G & C Music Corp.,G-12.0,Full,,,5,String,,,,,,,,,,,,,,,
Orchestra,"Gounod, Charles","Hinrichs, Gustav",Faust Ballet Music Part 1,Schirmer,G-13.0,Piano/Conductor,,,5,Suite,,,,,,,,,,,,,,,
Orchestra,"Gounod, Charles",,"Faust, No. 8 Cavatina",Lucks,G-14.0,Full,,,5,Tenor (Misc.),,,,,,,,,,,,,,,
Orchestra,"Gounod, Charles",Zamecnik,Faust Concert Version,Fox,G-15.0,,,,5,Misc.,,,,,,,,,,,,,,,
Orchestra,"Gounod, Charles",,Faust Recitative & Cavatina - Dio possente,Lucks,G-16.0,Full,,,5,Misc.,,,,,,,,,,,,,,,
Orchestra,"Gounod, Charles",Tobani/Roberts,La Reine de Saba,Fischer,G-17.0,Piano/Conductor,,,5,March,,,,,,,,,,,,,,,
Orchestra,"Gounod, Charles",,"Romeo & Juliet - ""Ah! Je veux vivre"" Valse",,G-18.0,,,,5,Waltz,,,,,,,,,,,,,,,
Orchestra,"Gounod, Charles",,,Leo Feist,V-4.0,,,Album of Operatic Airs - filed under Verdi - Aida,11,Misc.,,,,,,,,,,,,,,,
Orchestra,"Greig, Edvard",,,Kalmus,G-23.0,,,,5,Strings,,,,,,,,,,,,,,,
Orchestra,"Greig, Edward",,Concerto in A Minor,Schirmer,G-20.0,,,,5,Concerto,,,,,,,,,,,,,,,
Orchestra,"Greig, Edward",,"Hail, Star of Heaven",,G-21.0,Full,,"Also includes Schumann's ""The Post""",5,Misc.,,,,,,,,,,,,,,,
Orchestra,"Grieg, Edward",Dubensky,Berceuse,Associated,G-19.0,Full,,,5,Strings,,,,,,,,,,,,,,,
Orchestra,"Grieg, Edward","Maddy, Joseph E.",Im Balladenton,Remick,G-22.0,Full,,,5,String,,,,,,,,,,,,,,,
Orchestra,"Griffes, Charles",,"The White Peacock Op. 7, No. 1",Schirmer,G-24.0,Full,,,5,Misc.,,,,,,,,,,,,,,,
Orchestra,"Handel, G.F.",,,,H-1.0,,,,5,String,,,,,,,,,,,,,,,
Orchestra,"Handel, G.F.",,"Concerto Grosso, Op. 6 No. 5",Kalmus,H-1.1,,,,5,Concerto,,,,,,,,,,,,,,,
Orchestra,"Handel, G.F.",,"Concerto Grosso VII, Op. 6, No. 7",Lucks,H-2.0,,,,5,Strings,,,,,,,,,,,,,,,
Orchestra,"Handel, G.F.",,"Concerto Grosso, Op.6, No. 8",Kalmus,H-2.4,Score Only,,,5,Concerto,,,,,,,,,,,,,,,
Orchestra,"Handel, G.F.",,"Concerto Grosso No. 21, Op. 6, No. 10",Breitkopf & Hartel,H-3.0,Full,,,5,Concerto,,,,,,,,,,,,,,,
Orchestra,"Handel, G.F.","Weismann, Wilhelm","Concerto Grosso, Op. 6, No. 12 (Strings)",Peters,H-3.2,Full,,,5,Concerto,,,,,,,,,,,,,,,
Orchestra,"Handel, G.F.","Seiffert, Max","Concerto for Organ No. 5., Op. 4, No. 5",Breitkopf & Hartel,H-4.0,Full,,,5,Concerto,,,,,,,,,,,,,,,
Orchestra,"Handel, G.F.",,Messiah,,H-4.2,,,,5,,,,,,,,,,,,,,,,
Orchestra,"Handel, G.F.","Johnson, Thor",Music for the Royal Fireworks,Neil A. Kjos,H-4.5,Full,,,5,Misc.,,,,,,,,,,,,,,,
Orchestra,"Handel, G.F.",Muller,Samson - Overture,Ludwig,H-5.0,Full,,,5,Overture,,,,,,,,,,,,,,,
Orchestra,"Handel, G.F.","Jacob, Gordon",Theodora - Overture,Mills,H-6.0,Full,,,5,Overture,,,,,,,,,,,,,,,
Orchestra,"Handel, G.F.",,Messiah,,,,,In Choral Library,In choral Library,,,,,,,,,,,,,,,,
Orchestra,"Hanson, Howard",,Merry Mount - Love Duet,Harms,H-7.0,Full,,,5,Misc.,,,,,,,,,,,,,,,
Orchestra,"Hanson, Howard",,,Fischer,H-8.0,Full,,,5,String,,,,,,,,,,,,,,,
Orchestra,"Hanson, Howard",,,,H-9.0,Full,,,5,Movemens of Symphonies,,,,,,,,,,,,,,,
Orchestra,"Hartley, Walter S.",,Psalm for Strings,Tenuto Pub.,H-10.0,Full,,,5,Strings,,,,,,,,,,,,,,,
Orchestra,"Haydn, Johann Michael",,"Concerto in C Major for Organ, Viola and Strings",Ludwig Doblinger,H-25.0,Full,,,6,Concerto,,,,,,,,,,,,,,,
Orchestra,"Haydn, Joseph",,Mass Number 12 in B flat Minor,,H 24.1,,,,,,,,,,,,,,,,,,,,
Orchestra,"Haydn, Joseph",,Piano Concerto in D,,H 24.2,full,,,,,,,,,,,,,,,,,,,
Orchestra,"Haydn, Joseph",,Armida Overture,Kalmus,H-11,,,,5,Overture,,,,,,,,,,,,,,,
Orchestra,"Haydn, Joseph",Gevaert & Zileher,,Breitkopf & Hartel,H-12.0,Full (Kalmus),,,5,Concerto,,,,,,,,,,,,,,,
Orchestra,"Haydn, Joseph","Schneider, Michael",Concerto por l'organo (Concerto for Organ),Breitkopf & Hartel,H-13.0,Full,,,5,Concerto,,,,,,,,,,,,,,,
Orchestra,"Haydn, Joseph","Harris, Ernest E.","Largo from Opus 76, No. 5 (The Famous Largo)",Bourne,H-14.0,Full,,,5,Misc.,,,,,,,,,,,,,,,
Orchestra,"Haydn, Joseph",,Overture in D Major,Kalmus,H-15.0,Full,,,5,Overture,,,,,,,,,,,,,,,
Orchestra,"Haydn, Joseph",,Symphony in D Minor,Associated,H-16.0,,,,5,Symphony,,,,,,,,,,,,,,,
Orchestra,"Haydn, Joseph",,"Symphony No. 94 in G Major ""Surprize""",Kalmus,H-17.0,Full,,,5,Symphony,,,,,,,,,,,,,,,
Orchestra,"Haydn, Joseph",,Symphony No. 99 in E Flat Major,Bourne,H-18.0,Full,,,5,Symphony,,,,,,,,,,,,,,,
Orchestra,"Haydn, Joseph",,"Symphony No. 100 ""Militaire""",Lucks,H-19.0,Full,,,5,Symphony,,,,,,,,,,,,,,,
Orchestra,"Haydn, Joseph",,,Breitkopf & Hartel,H-20.0,,,,5,Symphony,,,,,,,,,,,,,,,
Orchestra,"Haydn, Joseph",,Symphony No. 102 in B Flat Major,Breitkop & Hartel,H-21.0,Full,,,6,Symphony,,,,,,,,,,,,,,,
Orchestra,"Haydn, Joseph",,"Symphony No. 103 in E Flat Major ""Drum Roll""",Associated,H-22.0,,,,6,Symphony,,,,,,,,,,,,,,,
Orchestra,"Haydn, Joseph",,,Kalmus,H-23.0,Full,,,6,Symphony,,,,,,,,,,,,,,,
Orchestra,"Haydn, Joseph",,Te Deum,,H-24.0,,,,6,String and Choral,,,,,,,,,,,,,,,
Orchestra,"Haydn, Joseph",,Te Deum,,H-24.0,,,,6,String and Choral,,,,,,,,,,,,,,,
Orchestra,"Herbert, Victor",,Festival March,Fischer,H-26.0,Full,7 Min.,,6,March,,,,,,,,,,,,,,,
Orchestra,"Herbert, Victor",Sanford,Victor Herbert Favorites,Witmark & Sons,H-27.0,Piano/Conductor,,,6,Misc.,,,,,,,,,,,,,,,
Orchestra,"Herold, L.J. Ferd.",,Zampa - Overture,Lucks,H-28.0,,,,6,Overture,,,,,,,,,,,,,,,
Orchestra,"Holst, Gustav",,"A Somerset Rhapsody, Op. 21",Boosey & Hawkes,H-29.0,Piano/Conductor,,,6,Misc.,,,,,,,,,,,,,,,
Orchestra,"Holst, Gustav",,Brook Green Suite,G. Schirmer,H-30.0,,,No Cello Parts,6,Suite,,,,,,,,,,,,,,,
Orchestra,"Holst, Gustav",,St. Paul's Suite for String Orchestra,Schirmer,H-31.0,Full,,,6,Suite,,,,,,,,,,,,,,,
Orchestra,"Hovaness, Alan",,Paryer of Saint Gregory,Peer International Corp.,H-32.0,,,,6,Misc.,,,,,,,,,,,,,,,
Orchestra,"Hovaness, Alan",,"Psalm and Fugue for String Orchestra, Op. 40a",Peters,H-33.0,,,,6,String,,,,,,,,,,,,,,,
Orchestra,"Humperdinck, Engelbert",Schmidt,,Fischer,H-34.0,,,,6,Misc.,,,,,,,,,,,,,,,
Orchestra,"Ippolitow-Ivanov, Mikhail",Reibold,Procession of the Sardar,Fox,I-1.0,Full,,,6,March,,,,,,,,,,,,,,,
Orchestra,"Isaac, Merle J.",,Legend,Fischer,I-2.0,Full,,,6,Tone Poem,,,,,,,,,,,,,,,
Orchestra,"Ivanovici, Ion",Sopkin,Waves of the Danube,Mills,I-3.0,Piano/Conductor,,,6,Waltz,,,,,,,,,,,,,,,
Orchestra,"Ives, Charles E.",,The Unanswered Question (1908),Southern Music Pub.,I-4.0,,,,6,Misc.,,,,,,,,,,,,,,,
Orchestra,"Jarnefelt, Armas","Roberts, Chas. J.",Praeludium,Fischer,J-1.0,Piano/Conductor,,,6,Misc.,,,,,,,,,,,,,,,
Orchestra,"Jenkins, Karl",,Pilladio,,,string orchestra,,,,,,,,,,,,,,,,,,,
Orchestra,"Johnson, Harold M.",,"Passacaglia and Fughetta, Op. 27",Belwin,J-2.0,Full,,,6,Misc.,,,,,,,,,,,,,,,
Orchestra,"Johnson, Harold M.",,"The Piper of Hamelin, Op. 34",Fox,J-3.0,Full,,,6,Misc.,,,,,,,,,,,,,,,
Orchestra,"Joplin, Scott",Delisle/Schuller,The Entertainer,Belwin-Mills,J-4.0,Full,,,6,A Rgtime Twostep,,,,,,,,,,,,,,,
Orchestra,"Kabalevsky, Dmitri",,Colas Breugnon - Overture,Kalmus,K-1.0,,,,6,Overture,,,,,,,,,,,,,,,
Orchestra,"Karoly, Gondor",Roberts,"Atilla - Hungarian Overture, Op. 43",Fischer,K-2.0,Piano/Conductor,,,6,Overture,,,,,,,,,,,,,,,
Orchestra,"Khachaturian, Aram",Mohaupt,Gayanne - Sword Dance,Russian - Am. Music Pub.,K-4.0,Piano,,,6,Misc.,,,,,,,,,,,,,,,
Orchestra,"Khachaturian, Aram",,Concerto for Violin,Kalmus,K-5.0 (A & B),Full,,,6,Concerto,,,,,,,,,,,,,,,
Orchestra,"Kindler, Hans",,Three Seventeenth Century Dutch Tunes,Carl Fischer,K-6.0,Full,,,6,,,,,,,,,,,,,,,,
Orchestra,"Klimko, Ronald",,Christmas Carol Medley,Manuscript,K-7.0,Full,,,6,Misc.,,,,,,,,,,,,,,,
Orchestra,"Liszt, Franz",,Piano Concerto No. 1 in E flat minor,,L-5.1,full,,,,,,,,,,,,,,,,,,,
Orchestra,"Liszt, Franz",Liszt and Doppler,Hungarian Rhapsody No 6,,L-5.2,,,,,,,,,,,,,,,,,,,,
Orchestra,"Mahler, Gustav",,Blicke mir nicht in die Lieder,,M-1.0,,,,6,,,,,,,,,,,,,,,,
Orchestra,"Mahler, Gustav",,Ich atmet' einen linden Duft,Lucks,M-2.0,,,,6,Misc.,,,,,,,,,,,,,,,
Orchestra,"Mahler, Gustav",,Ich bin der Welt abhanden gekommen,,M-3.0,,,,6,Misc.,,,,,,,,,,,,,,,
Orchestra,"Mahler, Gustav","Puttmann, Max",Liebst du um Schonheit,,M-4.0,,,,6,Misc.,,,,,,,,,,,,,,,
Orchestra,"Mahler, Gustav",,Um Mitternacht,Manuscript,M-5.0,,,,6,Misc.,,,,,,,,,,,,,,,
Orchestra,"Mantovani, Annunzio","Isaac, Merle J.",Piccolo Bolero,Miller Music,M-6.0,Piano/Conductor,,,7,Misc.,,,,,,,,,,,,,,,
Orchestra,"Marcelli, Nino",,Ode to a Hero (A Tribute to General Pershing),Fischer,M-7.0,Full,,,7,Misc.,,,,,,,,,,,,,,,
Orchestra,"Mascagni, Pietro",,Cavaileria Rusticana - Drinking Song,Leo Feist,V-4.0 (A & B),,,Album of Operatic Airs - Filed under Verdi - Aida,11,Misc.,,,,,,,,,,,,,,,
Orchestra,"Massenet, Jules",Sheeley,Vision Fugitive,Manuscript,M-10.0,Full,,,7,Misc.,,,,,,,,,,,,,,,
Orchestra,"Massenet, Jules",,"""Manon"" - Le Reve - The Dream",Lucks,M-8.0,Full,,,7,Misc.,,,,,,,,,,,,,,,
Orchestra,"Massenet, Jules",Moses-Tobani/Seredy,Phedre Overture,Fischer,M-9.0,Piano/Conductor,,,7,Overture,,,,,,,,,,,,,,,
Orchestra,"Massenet, Jules",,Le Cid - Aragonaise,Leo Feist,V-4.0 (A & B),,,Album of Operatic Airs - filed under Verdi - Aida,11,Misc,,,,,,,,,,,,,,,
Orchestra,"McKay, George F.",,Carillon,Manuscript,MC-1.0,None,,,8,Misc.,,,,,,,,,,,,,,,
Orchestra,"McKay, George F.",,"Port Royal, 1861 (Op.48)",Summy-Birchard,MC-2.0,Full,,,8,Folk Song Suite,,,,,,,,,,,,,,,
Orchestra,"McKay, George F.",,Symphony Miniature,Birchard,MC-3.0,Full,,,8,Symphony,,,,,,,,,,,,,,,
Orchestra,"Mendelssohn, Felix",Theo. Moses/ Seredy,Athalia - War March of the Priests,Fischer,M-11.0,Piano/Score,,,7,March,,,,,,,,,,,,,,,
Orchestra,"Mendelssohn, Felix",,"Capriccio Brilliant for Piano, Op. 22",Breitkopf & Hartel,M-12.0,,,,7,Misc.,,,,,,,,,,,,,,,
Orchestra,"Mendelssohn, Felix",,"Concerto for Vioin, Op. 64",Breitkopf & Hartel,M-13.0,Full,,,7,Concerto,,,,,,,,,,,,,,,
Orchestra,"Mendelssohn, Felix",Moses - Tobani,Fingal's Cave Overture,Fischer,M-14.0,,,,7,Overture,,,,,,,,,,,,,,,
Orchestra,"Mendelssohn, Felix",,,Associated,M-15.0,Full,,,7,Misc.,,,,,,,,,,,,,,,
Orchestra,"Mendelssohn, Felix",W.F. Kretschmer,"""Midsummer Night's Dream"" Intermezzo & Nocture",Fischer,M-16.0,Piano,,,7,Misc,,,,,,,,,,,,,,,
Orchestra,"Mendelssohn, Felix",,"""Midsummer Night's Dream"" - Nocturne",Lucks,M-17.0,Full,,,7,Misc.,,,,,,,,,,,,,,,
Orchestra,"Mendelssohn, Felix",,"""A Midsummer Night's Dream"" - Overture",Breitkopf & Hartel,M-18.0,Full,,,7,Overture,,,,,,,,,,,,,,,
Orchestra,"Mendelssohn, Felix",,,Kalmus,M-19.0,Full,,,7,Misc.,,,,,,,,,,,,,,,
Orchestra,"Mendelssohn, Felix",,,Bourne,M-20.0,Full,,,7,Misc. Chorus Optional,,,,,,,,,,,,,,,
Orchestra,"Mendelssohn, Felix",,Sinfonia IX,Lucks,M-21.0,,,,7,String,,,,,,,,,,,,,,,
Orchestra,"Mendelssohn, Felix",,,Breidkopf & Hartel,M-22.0,,,,7,Symphony,,,,,,,,,,,,,,,
Orchestra,"Mendelssohn, Felix",,"Symphony No. 5, Op. 107 ""Reformation""",Lucks,M-23.0,Full,,,7,Symphony,,,,,,,,,,,,,,,
Orchestra,"Mennini, Louis",,Arioso for Strings,Eastman School of Music,M-24.0,,,,7,Strings,,,,,,,,,,,,,,,
Orchestra,"Meyerbeer, Giacomo",Dumont/Seredy,The Prophet - Coronation March,Fischer,M-25.0,Piano,,,7,March,,,,,,,,,,,,,,,
Orchestra,"Meyerbeer, Giacomo",,,Leo Feist,V-4.0 (A & B),,,Album of Operatic Airs - Filed under Verdi - Aida,11,Mis.,,,,,,,,,,,,,,,
Orchestra,"Mozart, W.A.",,Adagio and Fugue for String Orchestra,Broude Brothers,M-29.0,Full,,,7,Sting,,,,,,,,,,,,,,,
Orchestra,"Mozart, W.A.",,"Concerto for Bassoon in B Flat Major, K191",Lucks,M-30.0,Full,,,7,Concerto,,,,,,,,,,,,,,,
Orchestra,"Mozart, W.A.",,Concerto for Clarinet K.62,Kalmus & Lucks,M-31.0,,,,7,Concerto,,,,,,,,,,,,,,,
Orchestra,"Mozart, W.A.",,Concerto No. 1 for Flute in G Major,Breitkopf & Hartel,M-32.0,Full,,,7,Concerto,,,,,,,,,,,,,,,
Orchestra,"Mozart, W.A.",,"Concerto No. 2 for Flute in D Major, K-314",Lucks,M-33.0,Full,,,7,Concerto,,,,,,,,,,,,,,,
Orchestra,"Mozart, W.A.",,"Concerto No. 4 for Horn in E Flat Major, K-495",Lucks,M-34.0,Full,,,7,Concerto,,,,,,,,,,,,,,,
Orchestra,"Mozart, W.A.",,,Kalmus,M-35.0,Full,,,7,Concerto,,,,,,,,,,,,,,,
Orchestra,"Mozart, W.A.",,Concerto No. 13 for Piano and Orchestra,Kalmus,M-35.1,None,,String parts only no score or solo,8,Concerto,,,,,,,,,,,,,,,
Orchestra,"Mozart, W.A.",,"Concerto No. 20 for Piano in D Minor, K.466",Kalmus,M-36.0,Full,,,7,Concerto,,,,,,,,,,,,,,,
Orchestra,"Mozart, W.A.",,"Concerto No. 21 for Piano in C Major, K467",Kalmus,M-37.0,Full,,,7,Concerto,,,,,,,,,,,,,,,
Orchestra,"Mozart, W.A.",,"Concerto No. 23 for Piano in A Major, K.488",Goodwin & Tabb,M-38.0,Full,,,7,Concerto,,,,,,,,,,,,,,,
Orchestra,"Mozart, W.A.",,"Concerto No. 24 for Piano, K.491",Lucks,M-39.0,,,,7,Concerto,,,,,,,,,,,,,,,
Orchestra,"Mozart, W.A.",,Cocnerto in A Major No. 5 for Violin,Breitkopf & Hartel,M-40.0,,,,7,Concerto,,,,,,,,,,,,,,,
Orchestra,"Mozart, W.A.",,Divertimento No. 11,Lucks,M-40.5,Full,,,7,,,,,,,,,,,,,,,,
Orchestra,"Mozart, W.A.",,"Don Giovanni - Aria ""Finch' handal vino""",Lucks,M-41.0,Full,,,7,Misc.,,,,,,,,,,,,,,,
Orchestra,"Mozart, W.A.",,Don Giovanni - Overture,Hampton,M-42.0,Full,,,7,Overture,,,,,,,,,,,,,,,
Orchestra,"Mozart, W.A.",,Eine Kleine Nachtmusik K.525,Schott's,M-43.0,,,,7,Strings,,,,,,,,,,,,,,,
Orchestra,"Mozart, W.A.",Winter,"""Idomeneo"" Overture",Boodey & Hawkes,M-44.0,Full,,,7,Overture,,,,,,,,,,,,,,,
Orchestra,"Mozart, W.A.",,The Magic Flute - Ein Madchen Oder,Kalmus,M-45.0,Full,,,7,Misc.,,,,,,,,,,,,,,,
Orchestra,"Mozart, W.A.",,"""The Magic Flute"" - No. 15 In diesen Heil' gem",Lucks,M-46.0,Full,,,7,Misc.,,,,,,,,,,,,,,,
Orchestra,"Mozart, W.A.",,"""Magic Flute"" Overture K.V. 620",Associated,M-47.0,Full,,,7,Overture,,,,,,,,,,,,,,,
Orchestra,"Mozart, W.A.","Herfurth, C. Paul","""The Magic Flute"" Priest March",,M-48.0,,Full,"In Combination with E Lemere's ""Andantino""",7,March,,,,,,,,,,,,,,,
Orchestra,"Mozart, W.A.",,"""The Marriage of Figaro"" - No. 11 Canzona voi che",Lucks,M-49.0,Full,,,8,Misc.,,,,,,,,,,,,,,,
Orchestra,"Mozart, W.A.",,"The Marriage of Figaro - Deh Vieni, non Tardar",Lucks,M-50.0,Full,,,8,Misc.,,,,,,,,,,,,,,,
Orchestra,"Mozart, W.A.",,The Marriage of Figaro - Overture,Kalmus,M-51.0,,,,8,Overture,,,,,,,,,,,,,,,
Orchestra,"Mozart, W.A.",,"Missa in C Major No. 14, KV 317",Breitkopf & Hartel,M-52.0,Full,,,8,Chorus with Orchestra,,,,,,,,,,,,,,,
Orchestra,"Mozart, W.A.",,Missa No. 14 in C Major KV 317,Breitkopf & Hartel,M-52.0,Full,,,8,Mass with Chorus,,,,,,,,,,,,,,,
Orchestra,"Mozart, W.A.",,"Missa Brevis, KV 194 (In D Major)",,M-53.0,Full,,"for 4 voices, 2 violins, bass and organ",8,"Mass, Strings and Choral",,,,,,,,,,,,,,,
Orchestra,"Mozart, W.A.",,,Kalmus,M-53.0,Full,,,8,"Mass, Strings and Choral",,,,,,,,,,,,,,,
Orchestra,"Mozart, W.A.",,Requiem,Peters,M-54.0,,,,8,Chorus with Orchestra,,,,,,,,,,,,,,,
Orchestra,"Mozart, W.A.",,Requiem,Peters,M-54.0,,,,8,Chorus and Orchestra,,,,,,,,,,,,,,,
Orchestra,"Mozart, W.A.","Hoffmann, Adolf",Salzburger Symphonies,Moseler,M-55.0,,,,8,Strings,,,,,,,,,,,,,,,
Orchestra,"Mozart, W.A.",Winter,Shepherd King Overture,Boosey & Hawkes,M-56.0,Full,,,8,Overture,,,,,,,,,,,,,,,
Orchestra,"Mozart, W.A.",,Sinfonia concertate KV-Anh. 9,Kalmus,M-57.0,,,,8,Sinfonietta,,,,,,,,,,,,,,,
Orchestra,"Mozart, W.A.","Langey, Otto",Symphony in E Flat - Minuet,Schirmer,M-58.0,Piano,,,8,Movement from Symphony,,,,,,,,,,,,,,,
Orchestra,"Mozart, W.A.",,Symphony No. 31,Lucks,M-58.5,Full,,,8,,,,,,,,,,,,,,,,
Orchestra,"Mozart, W.A.",,"Symphony No. 35 ""Haffner"" K.385",Kalmus,M-59.0,,,,8,Symphony,,,,,,,,,,,,,,,
Orchestra,"Mozart, W.A.",,The Marriage of Figaro,,M-59.1,,,,,,,,,,,,,,,,,,,,
Orchestra,"Mussorgsky, Modest","Kindler, Hans",Boris Godumow - Love Music,Mills,M-26.0,Full,,,7,Misc.,,,,,,,,,,,,,,,
Orchestra,"Mussorgsky, Modest","Reibold, Bruno",Great Gate of Kiev,Fitzsimmons,M-27.0,,,,7,Misc.,,,,,,,,,,,,,,,
Orchestra,"Mussorgsky, Modest",,,Kalmus,M-28.0,,,,7,Misc.,,,,,,,,,,,,,,,
Orchestra,"Nelhybel, Vaclav",,Overture for Orchestra,Lucks,N-1.1,Full,,,8,Overture,,,,,,,,,,,,,,,
Orchestra,"Nessler, Victor",,Der Trompeter von Sakkingen - It Was Not So To Be,Leo Feist,V-4.0 (A & B),,,Album of Operatic Airs - Filed under Verdi - Aida,11,Misc.,,,,,,,,,,,,,,,
Orchestra,"Nicolai, Otto",,The Merry Wives of Windsor - Overture,Breitkopf & Hartel,N-1.0,Full,,,8,Overtue,,,,,,,,,,,,,,,
Orchestra,"Nielson, Carl",,"Helios Overture, Op. 17",Lucks,N-5.0,,,,8,Overture,,,,,,,,,,,,,,,
Orchestra,O'Neill,,Ithaca Suite,Almita Music,1,,,,8,String,,,,,,,,,,,,,,,
Orchestra,"Pachelbel, Johann","Ades, Hawley",Canon,Shawnee Press,0.1,,,,8,String,,,,,,,,,,,,,,,
Orchestra,"Pergolese, G.B.",,Stabat mater,Kalmus,P-1.0,,,,8,Choruse with Orchestra,,,,,,,,,,,,,,,
Orchestra,"Pergolese, G.B.",,Stabat Mater,Kalmus,P-1.0,,,,8,Chorus & Orchestra,,,,,,,,,,,,,,,
Orchestra,"Pierne, Gabriel",,March of the Tin Soldiers,,S-30.0,Piano,,"With ""Bohemiana"" by Lee Orean Smith",10,March,,,,,,,,,,,,,,,
Orchestra,"Ponchielli, Amilcare",,La Gioconda,,P 2.1,,,,,,,,,,,,,,,,,,,,
Orchestra,"Ponchielli, Amilcare",,"""La Gioconda"" - Voce di donna",Lucks,P-2.0,Full,,,8,Misc.,,,,,,,,,,,,,,,
Orchestra,"Powell, Laurence",,Penny Overture,Concert Music pub.,P-3.0,Piano,,,8,Overture,,,,,,,,,,,,,,,
Orchestra,"Prokofieff, Serge",,Concerto No. 1 in D Major for Violin,Kalmus,P-4.0,Full,,,8,Concerto,,,,,,,,,,,,,,,
Orchestra,"Prokofieff, Serge",,"Lieutenant Kijo, Suite Symphonique, Op. 60",Broude,p-5.0,Full,,,8,Suite,,,,,,,,,,,,,,,
Orchestra,"Prokofieff, Serge",Guenther/Maddy,Peter and the Wolf - Triumphal March,Marks,P-6.0,Full,,,8,March,,,,,,,,,,,,,,,
Orchestra,"Prokofieff, Serge",,Symphonie Classique (Classical Symphony),E.B. Marks,P-7.0,,,,8,Symphony,,,,,,,,,,,,,,,
Orchestra,"Puccini, Giacomo",,La Coheme - Musetta's Waltz,Lucks,P-10.0,Full,,,8,Waltz,,,,,,,,,,,,,,,
Orchestra,"Puccini, Giacomo",,"La Boheme - Si, mi chiamano Mimi",Lucks,P-11.0,,,,8,Misc.,,,,,,,,,,,,,,,
Orchestra,"Puccini, Giacomo",,Manon Lescaut - Sola perduta,Lucks,P-12.0,Full,,,8,Misc.,,,,,,,,,,,,,,,
Orchestra,"Puccini, Giacomo","Sheeley, John C.",Tosca - E lucevan le stelle,Manuscript,P-13.0,Full,,,8,Misc.,,,,,,,,,,,,,,,
Orchestra,"Puccini, Giacomo",,Crisantemi,Lucks,P-7.5,,,,8,String,,,,,,,,,,,,,,,
Orchestra,"Puccini, Giacomo",,La Boheme - Addio! Donde lieta usci al tuo grido,Lucks,P-8.0,Full,,,8,Misc.,,,,,,,,,,,,,,,
Orchestra,"Puccini, Giacomo",,La Boheme - Che gelida manina,Lucks,P-9.0,Full,,,8,Misc.,,,,,,,,,,,,,,,
Orchestra,"Purcell, Henry",Glass,"Suite from ""The Fairy Queen""",Associated,P-14.0,Full,,,8,Suite,,,,,,,,,,,,,,,
Orchestra,"Purcell, Henry","Barbirolli, John",Suite for Strings,Oxford University Press,P-15.0,Full,,,8,Suite,,,,,,,,,,,,,,,
Orchestra,"Purcell, Henry","Wood, Henry J.",Trumpet Voluntary,Chappell,P-16.0,Full,,,8,Misc.,,,,,,,,,,,,,,,
Orchestra,"Quantz, Joh. Joachim",Schroeder,Concerto for Flute,Eulenburg,Q-1.0,,,,8,Concerto,,,,,,,,,,,,,,,
Orchestra,"Rachmaninoff, Sergei",,Concerto No. 2 in C Minor Piano Op. 18,Broude,R-1.0,Full,,,9,Concerto,,,,,,,,,,,,,,,
Orchestra,"Ravel, Maurice","Maganini, Quinto",Pavane (Strings with harp or piano),Ed. Musicians,R-2.0,Harp/Piano/Conductor,,,9,Strings,,,,,,,,,,,,,,,
Orchestra,"Ravel, Maurice","Isaac, Merle J.",Pavane,Carl Fischer/Lucks,R-2.1,Full,,,9,Misc.,,,,,,,,,,,,,,,
Orchestra,"Respighi, Ottorino",Harry A . Alshin,Antique Dances and Airs,,R 2.2,full,,,,,,,,,,,,,,,,,,,
Orchestra,"Rimsky-Korsakov, Nikolai",,Capriccio espagnol,Kalmus,R-3.0,,,,9,Misc.,,,,,,,,,,,,,,,
Orchestra,"Rimsky-Korsakov, Nikolai",Woodhouse,Christmas Night - Polonaise,Boosey & Hawkes,R-4.0,Full,,,9,Misc.,,,,,,,,,,,,,,,
Orchestra,"Rimsky-Korsakov, Nikolai","Sopkin, Henry",The Russin Easter - Overture Op. 36,Fischer,R-5.0,Full,,,9,Overture,,,,,,,,,,,,,,,
Orchestra,"Rossini, Gioacchino",,"""Semiramide"" Overture",Boosey & Hawkes,R-10.0,Full,,,9,Overture,,,,,,,,,,,,,,,
Orchestra,"Rossini, Gioacchino",,William Tell - Overture,Kalmus,R-11.0,Full,,,9,Overture,,,,,,,,,,,,,,,
Orchestra,"Rossini, Gioacchino",,William Tell - Overture,Kalmus,R-11.0,Full,,,9,Overture,,,,,,,,,,,,,,,
Orchestra,"Rossini, Gioacchino",,The Barber of Seville- Overture,Lucks,R-6.0,,,,9,Overture,,,,,,,,,,,,,,,
Orchestra,"Rossini, Gioacchino",,Italians in Algeria - Overture,Lucks,R-7.0,,,,9,Overture,,,,,,,,,,,,,,,
Orchestra,"Rossini, Gioacchino",,La Gazz Ladra - Overture,Lucks,R-8.0,,,,9,Overture,,,,,,,,,,,,,,,
Orchestra,"Rossini, Gioacchino",,La Scala De Seta (Overture),Lucks,R-9.0,Full,,,9,Overture,,,,,,,,,,,,,,,
Orchestra,"Rossini, Gioacchino",,Sonata No. 1 in G major,,,string orchestra,,,,,,,,,,,,,,,,,,,
Orchestra,"Saint-Saëns, Camille",,"Concerto No. 1 for Cello, Op. 33",Kalmus,S-1.0,Full,,,9,Concerto,,,,,,,,,,,,,,,
Orchestra,"Saint-Saëns, Camille",,Concerto No. 2 for Violin,Durand,S-2.0,,,,9,Concerto,,,,,,,,,,,,,,,
Orchestra,"Saint-Saëns, Camille",,Morceau de Concert for Horn and Orchestra,Kalmus,S-2.0,Full,,,9,Concerto,,,,,,,,,,,,,,,
Orchestra,"Saint-Saëns, Camille",Riebold,Smson & Delilah - Bacchanale,Fox,s-4.0,Full,,,9,Misc.,,,,,,,,,,,,,,,
Orchestra,"Saint-Saëns, Camille",,"""Samson And Delilah"" - Printemps oui conmence",Lucks,S-5.0,Full,,,9,Misc,,,,,,,,,,,,,,,
Orchestra,"Saint-Saëns, Camille",Matthew Jepsen,Cello Concerto / Bass Clarinet,,,,,This is a test record.,12345,,,,,,,,,,,,,,,,
Orchestra,"Sammartini, Giuseppe","Glass, P.","Concerto Grosso, op. 11",Associated,S-5.1,,,,9,String,,,,,,,,,,,,,,,
Orchestra,"Sandby, Herman",,Song of the Vermland,Fischer,S-6.0,Full,,,9,Strings,,,,,,,,,,,,,,,
Orchestra,"Schubert, Franz",,Rosamunde (overture),,S 13.1,,,,,,,,,,,,,,,,,,,,
Orchestra,"Schubert, Franz",Page,Rosamunde - Ballet Music No. 2,Ditson,S-10.0,,,,9,Misc.,,,,,,,,,,,,,,,
Orchestra,"Schubert, Franz",Dasch,"Sinfonietta (Sonatina, op. 137)",Silver & Burdett,S-11.0,Full,,,9,Sinfonietta,,,,,,,,,,,,,,,
Orchestra,"Schubert, Franz",,Symphony No. 2,Broude,S-12.0,,,,9,Symphony,,,,,,,,,,,,,,,
Orchestra,"Schubert, Franz",,Symphony No. 5 in B Flat Major,Breitkopf & Hartel,S-12.0,,,,9,Symphony,,,,,,,,,,,,,,,
Orchestra,"Schubert, Franz",,Symphony No. 7 in C Major- First Movement,Remick,S-13.0,Full,,,9,Movement of Symphony,,,,,,,,,,,,,,,
Orchestra,"Schubert, Franz",,"Italian Overture in C Major, Op. 170",Breitkopf & Hartel,S-7.0,,,,9,Overture,,,,,,,,,,,,,,,
Orchestra,"Schubert, Franz",Seredy,Marche Militaire Nos. 1 & 2,Fischer,S-8.0,Piano,,,9,March,,,,,,,,,,,,,,,
Orchestra,"Schubert, Franz",,Mass No 2 in G,Breitkopf & Hartel,S-8.5,Full,,,9,Strings and Organ with Chorus,,,,,,,,,,,,,,,
Orchestra,"Schubert, Franz",,Mass No. 2 in G,Breitkopf & Hartel,S-8.5,Full,,,9,Strings and Organ with chorus,,,,,,,,,,,,,,,
Orchestra,"Schubert, Franz",Stillman-Kelley,Romantic Overture,Ditson,S-9.0,Full,,,9,Overture,,,,,,,,,,,,,,,
Orchestra,"Schumann, Robert",,The Poet,,G-21.0,Full,,"on same sheet with Edward Grieg's ""Hail, Star of Heaven""",5,Misc.,,,,,,,,,,,,,,,
Orchestra,"Schumann, Robert","Kramer, Walter","Abenlied - Evening Song op. 85, No. 12",Witmark & Sons,S-14.0,Full,,,9,Stings,,,,,,,,,,,,,,,
Orchestra,"Schumann, Robert",,"Concerto for Cello in A Minor, Op. 129",Kalmus,S-15.0,Full,,,9,Concerto,,,,,,,,,,,,,,,
Orchestra,"Schumann, Robert",,"Concerto in A Minor for Piano, op. 54",Breitkopf & Hartel,S-16.0,,,,9,Concerto,,,,,,,,,,,,,,,
Orchestra,"Scott, John Prindle",,The Wind's in the South wth soprano,Huntzinger & Dilworth,S-17.0,,,,9,Misc.,,,,,,,,,,,,,,,
Orchestra,"Scriabin, Alexander","Maganini, Quitno",Prelude,Ed. Musicus,S-18.0,Full,,,9,Misc.,,,,,,,,,,,,,,,
Orchestra,"Scrlatti, Alessandro","Glass, Paul",Concerto in G Minor,Associated,S-6.1,,,,9,String,,,,,,,,,,,,,,,
Orchestra,"Shostakovich, Dimitri",,Prelude & Scherzo,Kalmus,S-18.1,,,,9,Octet,,,,,,,,,,,,,,,
Orchestra,"Shostakovich, Dimitri",,"Concerto for Cello, Op. 107",,S-19.0 (A & B),Full,,,9,Concerto,,,,,,,,,,,,,,,
Orchestra,"Shostakovich, Dimitri",,"Overture Festivo, Op. 96",Lucks,S-20.0 (A & B),Full,,,9,Overture,,,,,,,,,,,,,,,
Orchestra,"Shostakovich, Dimitri",,6 Pieces from the First Ballet Suite,Lucks,S-20.5,Score Only (Full),,,9,,,,,,,,,,,,,,,,
Orchestra,"Shostakovich, Dimitri",,"Symphony No. 10, Op. 93",Kalmus,"S-21.0 (A,B,C,D)",,,Four Envelopes,10,Symphony,,,,,,,,,,,,,,,
Orchestra,"Shostakovich, Dimitri",,Symphony No. 11,Kalmus,S-22.0 (A&B),,,,10,Symphony,,,,,,,,,,,,,,,
Orchestra,"Sibelius, Jean",Schmid,Finlandia,Schirmer,S-23.0,Full,,,10,Tone Poem,,,,,,,,,,,,,,,
Orchestra,"Sibelius, Jean",,"Romanze, Op. 42",Lucks,S-23.1,,,,10,String,,,,,,,,,,,,,,,
Orchestra,"Sibelius, Jean",,"Swan of Tuonela Op. 22, No 3",Brietkopf & Hartel,S-24.0,Full,,,10,Tone Poem,,,,,,,,,,,,,,,
Orchestra,"Sibelius, Jean",,Symphony No.1,Kalmus,S-25.0 (A&B),,,,10,Symphony,,,,,,,,,,,,,,,
Orchestra,"Sibelius, Jean",,"Symphony No.2 in D Major, Op. 43",Bereitkopf & Hartel,S-26.0 (A&B),Full,,,10,Symphony,,,,,,,,,,,,,,,
Orchestra,"Sibelius, Jean","Henneberg, Paul",Valse Triste,Breitkopf & Hartel,S-27.0,Piano,,,10,Waltz,,,,,,,,,,,,,,,
Orchestra,"Siennicki, Edmund J",,Ballade for Bassoon & Strings,Elkan-Vogel,S-28.0,Full,,,10,Strings,,,,,,,,,,,,,,,
Orchestra,"Smetana, Bedřich",,"Three Dances from ""The Bartered Bride""",,29.5,,,,11,,,,,,,,,,,,,,,,
Orchestra,"Smetana, Bedřich",,My Country - No. 2 The Moldau,Breitkopf & Hartel,S-29.0,,,,10,Misc.,,,,,,,,,,,,,,,
Orchestra,"Smetana, Bedřich",,"Three Dances from ""The Bartered Bride""",Lucks,Unknown,,,Need String Parts from Dr. Wharton,Unknown,,,,,,,,,,,,,,,,
Orchestra,"Smith, L.O.",,Bohemiana,,S-30.0,Piano,,"With ""March of the Tin Soldiers"" by Gabriel Pierne",10,Misc.,,,,,,,,,,,,,,,
Orchestra,"Sordillo, Fortunato",Seredy,Spirit of Youth Overture,Fischer,S-31.0,Piano/Conductor,,,10,Misc.,,,,,,,,,,,,,,,
Orchestra,"Stix, Carl","Ormndy, Eugene",Spielerei (Child's Play),Boosey & Hawkes,S-32.0,Full,,,10,Strings,,,,,,,,,,,,,,,
Orchestra,"Strauss, Johann",,Radetzky March Op 228,,S 40.1,,,,,,,,,,,,,,,,,,,,
Orchestra,"Strauss, Johann",,"""The Bat"" Overture",Fischer,S-34.0,Full,,,10,Overture,,,,,,,,,,,,,,,
Orchestra,"Strauss, Johann",Artok,Blue Danube Waltzes,Schott's Sohne,S-35.0,Piano/Conductor,,,10,Waltz,,,,,,,,,,,,,,,
Orchestra,"Strauss, Johann",,"""Die Fledermaus"" - Adele - Laughing Song",Lucks,S-36.0,Full,,,10,Misc.,,,,,,,,,,,,,,,
Orchestra,"Strauss, Johann",,"Emperor Waltzes, Op. 437",Associated,S-37.0,Full,,,10,Waltz,,,,,,,,,,,,,,,
Orchestra,"Strauss, Johann",Sopkin,"Perpetuum Mobile, Op. 257",Fischer,S-38.0,Full,,,10,Misc.,,,,,,,,,,,,,,,
Orchestra,"Strauss, Johann",,Pizzicato Polka,Cranz,S-39.0,,,,10,Misc.,,,,,,,,,,,,,,,
Orchestra,"Strauss, Johann",Seredy,Tales from the Vienna Woods,Fischer,S-40.0,Violin/Conductor,,,10,Waltz,,,,,,,,,,,,,,,
Orchestra,"Strauss, Richard",,"Death and Transfiguration, Op. 24",Kalmus,S-41.0,Full,,,10,Tone Poem,,,,,,,,,,,,,,,
Orchestra,"Stravinsky, Igor",Maganini,The Firebird Suite- Berceuse,Ed. Musicus,S-42.0,Full,,,10,Strings,,,,,,,,,,,,,,,
Orchestra,"Stravinsky, Igor",,The Firebird Suite - Berceuse and Finale,Lucks,S-43.0,,,,10,Suite,,,,,,,,,,,,,,,
Orchestra,"Stravinsky, Igor",,The Soldier's Tale,,S-43.5,,,,10,,,,,,,,,,,,,,,,
Orchestra,"Stravinsky, Igor",,Suite No. 1 for small orchestr,Kalmus,s-44.0,,,,10,Suite,,,,,,,,,,,,,,,
Orchestra,"Sullivan, Arthur",Reibold,Iolanthe - Entrance and March of Peers,Fox,S-45.0,Full,,,10,March,,,,,,,,,,,,,,,
Orchestra,"Suolahti, Heikki","Johnson, Thor",Sinfonia Piccola,Boodey & Hawkes,S-46.0,Piano/conductor,,,10,Sinfonietta,,,,,,,,,,,,,,,
Orchestra,"Svendsen, Johan",Dasch,Zorahayda Op. 11,Fischer,S-47.0,Full (2),,,10,Tone Poem,,,,,,,,,,,,,,,
Orchestra,"Taylor, Deems",,Casanova - Ballet Music Op.22,Fischer,T-1.0,Full,,,11,Misc.,,,,,,,,,,,,,,,
Orchestra,"Tchaikovsky, Pyotr Ilyich",,Lenski's ir,Lucks,T-10.0,Full,,,11,Misc.,,,,,,,,,,,,,,,
Orchestra,"Tchaikovsky, Pyotr Ilyich",Roberts,Marche Slav,Fischer,T-11.0,,,,11,March,,,,,,,,,,,,,,,
Orchestra,"Tchaikovsky, Pyotr Ilyich",,Nutcracker Suite,Kalmus,T-12.0 (A&B),None,,,12,Ballet Suite,,,,,,,,,,,,,,,
Orchestra,"Tchaikovsky, Pyotr Ilyich",,Serenade for Strings Op. 48,Kalmus,T-17.0,Full,,,11,String,,,,,,,,,,,,,,,
Orchestra,"Tchaikovsky, Pyotr Ilyich",Tobani,String Quartet Op. 11 - Andante Cantabile,Tischer,T-18.0,,,,11,Strigns,,,,,,,,,,,,,,,
Orchestra,"Tchaikovsky, Pyotr Ilyich","Muller, J. Fredrick",Symphony No. 2 - Finale,Neil A. Kjos,T-19.0,Full,,,11,Symphony Movement,,,,,,,,,,,,,,,
Orchestra,"Tchaikovsky, Pyotr Ilyich",,"Symphony No. 4, Op. 36",Kalmus,T-20.0 (A&B),,,,11,Symphony,,,,,,,,,,,,,,,
Orchestra,"Tchaikovsky, Pyotr Ilyich",,Symphony No. 5,Kalmus,"T-21.0 (A,B&C)",No Score,,,12,Symphony,,,,,,,,,,,,,,,
Orchestra,"Tchaikovsky, Pyotr Ilyich",,"Symphony Pathenique, Op. 74",Kalmus,T-22.0,,,Incomplete,11,Symphony,,,,,,,,,,,,,,,
Orchestra,"Tchaikovsky, Pyotr Ilyich",,Variations from a Rococo Theme,Kalmus,T-23.0,,,,11,Concerto,,,,,,,,,,,,,,,
Orchestra,"Tchaikovsky, Pyotr Ilyich",Leland Forsblad,Waltz from the Sleeping Beauty,,T-24.0,,,,,,,,,,,,,,,,,,,,
Orchestra,"Tchaikovsky, Pyotr Ilyich",,"1812 Overture, Op.49",Breitkopf & Hartel,T-6.0,,,,11,Overture,,,,,,,,,,,,,,,
Orchestra,"Tchaikovsky, Pyotr Ilyich","Sopkin, Henry",Capriccio Italien (Italian Caprice) Op 45,Fischer,T-6.5,Full,,,11,Misc.,,,,,,,,,,,,,,,
Orchestra,"Tchaikovsky, Pyotr Ilyich",,Cocnerto No. 1 in B Flat Minor for Piano,Associated,T-7.0,Full,,,11,Concerto,,,,,,,,,,,,,,,
Orchestra,"Tchaikovsky, Pyotr Ilyich",,Concerto in D Major for Violin,Kalmus,T-8.0,Full,,,11,Concerto,,,,,,,,,,,,,,,
Orchestra,"Tchaikovsky, Pyotr Ilyich",,Francesca da Rimini,Kalmus,T-9.0,,,,11,Misc.,,,,,,,,,,,,,,,
Orchestra,"Telemann, G.P",,Suite for Flute and Strings,Lucks,T-2.1,,,,11,Suite,,,,,,,,,,,,,,,
Orchestra,"Telemann, G.P.",,Don Quixote Suite,Broude,7-2.0,Full/Photocopy,,,11,Suite,,,,,,,,,,,,,,,
Orchestra,"Telemann, G.P.",,Concerto in G for Viola and Strings,Lucks,T-1.5,,,Missing Solo Viola,12,Concerto,,,,,,,,,,,,,,,
Orchestra,"Thomas, Ambroise",,"""Mignon"" - Connais to le pays",Lucks,T-3.0,Full,,,11,Misc.,,,,,,,,,,,,,,,
Orchestra,"Thomas, Ambroise",,Mignon - Polonaise,Leo Feist,V-4.0 (A&B),,,Album of Operatic Airs - Filed under Verdi - Aida,11,,,,,,,,,,,,,,,,
Orchestra,"Torch, Sidney",,Samba Sud,Chappell & Co.,T-4.0,Piano/Conductor,,,11,Misc.,,,,,,,,,,,,,,,
Orchestra,"Toreili, Guiseppe","Tarr, E.H.",,Musica Rara,T-5.0,Full,,,11,Misc.,,,,,,,,,,,,,,,
Orchestra,Traditional,"Elkan, Henri",Londenderry Air,Elkan-Vogel,E-3.0,,,,4,Strings,,,,,,,,,,,,,,,
Orchestra,Unknown,,Come Thou Almighty King,,H-28.5,,,"on sheets with ""Here We Have Idaho""",6,Misc.,,,,,,,,,,,,,,,
Orchestra,Unknown,,Here We Have Idaho,,H-28.5,,,"On sheets with ""Come Thou Almighty King""",6,Misc.,,,,,,,,,,,,,,,
Orchestra,"Vaughan William, Ralph",,Concerto Grosso for String Orchestra,Oxford University Press,V-1.0,,,,11,String,,,,,,,,,,,,,,,
Orchestra,"Vaughn Williams, Ralph",Jacob,English Folk Song Suite,Boosey & Hawkes,V-2.0,,,,11,Suite,,,,,,,,,,,,,,,
Orchestra,"Vaughn Williams, Ralph",,Fantasia on a Theme- Thomas Tallis,Schirmer,V-3.0,,,,11,Double String Orchestra,,,,,,,,,,,,,,,
Orchestra,"Verdi, Giuseppe",,,Leo Feist,V-4.0 (A&B),,,Album of operatic airs - Contains pieces from many operas,11,March,,,,,,,,,,,,,,,
Orchestra,"Verdi, Giuseppe","Johnson, Wallace",Il Trovatore,Manuscript,V-5.0,Full/Manuscript,,,11,Misc.,,,,,,,,,,,,,,,
Orchestra,"Verdi, Giuseppe",,il Trovatore - D' amor sull'ali rosee,Lucks,V-6.0,Full,,,11,Misc.,,,,,,,,,,,,,,,
Orchestra,"Verdi, Giuseppe",,"La Traviata - Di Provenza, il mar",Lucks,V-6.5,,,,11,Misc.,,,,,,,,,,,,,,,
Orchestra,"Verdi, Giuseppe",,Othello - Ave Maria,Manuscript,V-7.0,,,,11,Misc.,,,,,,,,,,,,,,,
Orchestra,"Verdi, Giuseppe",,Rigoletto - Caro Nome,Lucks,V-8.0,Full,,,11,Misc.,,,,,,,,,,,,,,,
Orchestra,"Villa- Lobos, Heitor",,,Associated,V-9.0,,,,12,String,,,,,,,,,,,,,,,
Orchestra,"Viotti, J.B.",,Concerto for Violin,Joh. Andre,V-10.0,,,,12,Concerto,,,,,,,,,,,,,,,
Orchestra,"Vivaldi, Antonio",,"Concerto Grosso Op. 3, No. 8",Peters,V-11.0,,,Two Solo Violins,12,Strings,,,,,,,,,,,,,,,
Orchestra,"Vivaldi, Antonio",,"Concerto Grosso Op. 3, No. 11",Ernest Eulenberg,V-11.1,,,,12,String,,,,,,,,,,,,,,,
Orchestra,"Vivaldi, Antonio",,,Robbins Music Corp.,V-11.8,Full,,,12,Concerto,,,,,,,,,,,,,,,
Orchestra,"Vivaldi, Antonio","Muller, J. Fredrick",,Neil A. Kjos,V-12.0,Full,,,12,Concerto,,,,,,,,,,,,,,,
Orchestra,"Vivaldi, Antonio",,"Concerto in E Major - ""La Primavera"" (Spring)",Ricordi,V-13.0,Full,,,12,Strings,,,,,,,,,,,,,,,
Orchestra,"Vivaldi, Antonio",,"Concerto in F Major ""L'Autunno""",Ricordi,V-14.0,,,,12,String,,,,,,,,,,,,,,,
Orchestra,"Vivaldi, Antonio",,"Concerto in G Minor ""L'Estate""",Ricordi,V-15.0,Full,,,12,String,,,,,,,,,,,,,,,
Orchestra,"Vivaldi, Antonio",,"Cocnerti Deele Stagioni ""L'Inverno""",Milano,V-16.0,Full,,,12,String,,,,,,,,,,,,,,,
Orchestra,"Vivaldi, Antonio","Woehl, Waldemar",Concerto in B Minor for Four Violins,Hinrichsen,V-17.0,Full,,,12,Cocnerto,,,,,,,,,,,,,,,
Orchestra,"Vivaldi, Antonio","Pujol, Milio",Concerto in D Major (Strings) for Guitar,Max Eschig,V-18.0,,,All Photographed Parts,12,Concerto,,,,,,,,,,,,,,,
Orchestra,"Vivaldi, Antonio","Westermann, Clayton",Gloria,Kalmus,V-19.0,,,Trumpet Part is Manuscript Only,13,Chorus & Orchestra,,,,,,,,,,,,,,,
Orchestra,"Wagner, Richard",,,Leo Feist,V-4.0 (A&B),,,Album of Operatic Airs - filed under Verdi - Aida,11,Misc.,,,,,,,,,,,,,,,
Orchestra,"Wagner, Richard",Zumpe,Das Rheingold - Entrance of the Gods into Valhalla,Schott's Sohne,W-1.0,,,,12,Misc,,,,,,,,,,,,,,,
Orchestra,"Wagner, Richard",Hertz,Tannhauser March,Ficher,W-11.0,Full,,in different key from the other Tannhauser March on file.,12,March,,,,,,,,,,,,,,,
Orchestra,"Wagner, Richard",Moses,"Tannauser, March",Fischer,W-12.0,Piano,,In a different key from the other Tannhauser March we have on file,12,March,,,,,,,,,,,,,,,
Orchestra,"Wagner, Richard",,Tristan & Isolde Prelude and Love Death,Kalmus,W-13.0,Full,,,12,Misc.,,,,,,,,,,,,,,,
Orchestra,"Wagner, Richard",,Die Meistersinger Intro. to Act III,Associated,W-2.0,,,,12,Misc.,,,,,,,,,,,,,,,
Orchestra,"Wagner, Richard",,Die Meistersinger Overture,Breidkopf & Hartel,W-3.0,,,,12,Overture,,,,,,,,,,,,,,,
Orchestra,"Wagner, Richard",Hertz,Die Meistersinger Walther's Prize Song,Fischer,W-4.0,Full,,,12,Misc.,,,,,,,,,,,,,,,
Orchestra,"Wagner, Richard",,The Flying Dutchman,Kalmus,W-5.0,,,,12,Overture,,,,,,,,,,,,,,,
Orchestra,"Wagner, Richard",Roberts,Lohengrin - Prelude,Fischer,w-6.0,Pinao/Conductor,,,12,Misc.,,,,,,,,,,,,,,,
Orchestra,"Wagner, Richard",,Lohengrin - Procession to the Cathedral,,W-6.5,,,,12,,,,,,,,,,,,,,,,
Orchestra,"Wagner, Richard",Schmid,Parsifal - Precession of the Grail,Boosey & Hawkes,W-7.0,,,,12,Misc.,,,,,,,,,,,,,,,
Orchestra,"Wagner, Richard",,Rienzi - Overture,Breitkopf & Hartel,W-8.0,,,,12,Overture,,,,,,,,,,,,,,,
Orchestra,"Wagner, Richard",,Siegfied-Idyll,Breitkopf & Hartel,W-9.0,Full,,,12,Misc.,,,,,,,,,,,,,,,
Orchestra,"Wagner, Richard",,Siegfried's Rhine Journey,Kalmus,W.10.0,Full,,,12,Misc.,,,,,,,,,,,,,,,
Orchestra,"Warlock, Peter",,Caprio - Suite for String Orchestra,Schirmer,W-14.0,Full,,,12,Suite,,,,,,,,,,,,,,,
Orchestra,Washington/Harline,,When You Wish Upon a Star,Bourne,W-15.0,Piano/Conductor,,,12,Misc.,,,,,,,,,,,,,,,
Orchestra,"Weber, C.M. von",,Der Freischutz - Prayer and Hunting Chorus,Leo Feist,V-4.0 (A&B),,,Album of Operatic Airs - Filed under Verdi - Aida,11,Misc,,,,,,,,,,,,,,,
Orchestra,"Weber, C.M. von",,"Concerto for Bassoon in F Major, Op. 75",Lucks,W-16.0,Full,,,12,Concerto,,,,,,,,,,,,,,,
Orchestra,"Weber, C.M. von",,Der Freischutz Overture Op.77,Kalmus,W-18.0,,,,12,Overture,,,,,,,,,,,,,,,
Orchestra,"Weber, C.M. von",,Euryanthe Overture,Breitkopf & Hartel,W-19.0,,,,12,Overture,,,,,,,,,,,,,,,
Orchestra,"Weber, C.M. von",,Invitation to the Waltz,Fischer,W-20.0,,,,12,Waltz,,,,,,,,,,,,,,,
Orchestra,"Weber, C.M. von",,Oberon Overture,Kalmus,W-21.0,,,,12,Overture,,,,,,,,,,,,,,,
Orchestra,"Weber, C.M. von",,Concerto for Clarinet Op.26,Lucks,W.17.0,Full,,,12,Concerto,,,,,,,,,,,,,,,
Orchestra,"Wieniawski, Henri",,"Concerto No. 2 for Violin, op.22",Schott's,W-22.0 (A&B),Full (Lucks),,,12,Concerto,,,,,,,,,,,,,,,
Orchestra,"Wilder, Alec",,Air for Flute and Strings,Bourne,W-23.0,Full,,,12,Strings,,,,,,,,,,,,,,,
Orchestra,"Wilder, Alec",,Air for Oboe and Strings,Bourne,W-24.0,Full,,,12,Strings,,,,,,,,,,,,,,,
Orchestra,"Wilder, Alec",,Slow Dance for Woodwinds and Strings,Bourne,W-25.0,Full,,,12,Strings,,,,,,,,,,,,,,,
Orchestra,"Wilhousky, Peter J.",Wilhousky,Battle Hymn of the Republic,Fischer/Manuscript,W-26.0,Manuscript,,,12,Misc.,,,,,,,,,,,,,,,
Orchestra,Wolf-Ferrari,Reisenfeld,Suzanne's Secret - Overture,Schirmer,W-27.0,Piano/Conductor,,,12,Overture,,,,,,,,,,,,,,,
Orchestra,"Wood, Haydn",,A Manx Overture - The Iles of Mountains and Glens,Boosey & Hawkes,W-29.0,Full,,,12,Overture,,,,,,,,,,,,,,,
Orchestra,"Wood, Haydn",,Apollo Overture,Boosey & Hawkes,W.28.0,Full,,,12,Overture,,,,,,,,,,,,,,,
Orchestra,"Yasinitsky, Greg",,And the Sky was Cobalt Blue,Manuscript,Y-1.0,Full,,,12,Solo trumpet with strigns,,,,,,,,,,,,,,,
,,,,,,,,,,,,,,,,,,,,,,,,,
,,,,,,,,,,,,,,,,,,,,,,,,,
,,,,,,,,,,,,,,,,,,,,,,,,,
,,,,,,,,,,,,,,,,,,,,,,,,,
,,,,,,,,,,,,,,,,,,,,,,,,,
,,,,,,,,,,,,,,,,,,,,,,,,,
,,,,,,,,,,,,,,,,,,,,,,,,,
,,,,,,,,,,,,,,,,,,,,,,,,,
,,,,,,,,,,,,,,,,,,,,,,,,,
,,,,,,,,,,,,,,,,,,,,,,,,,
,,,,,,,,,,,,,,,,,,,,,,,,,
,,,,,,,,,,,,,,,,,,,,,,,,,
,,,,,,,,,,,,,,,,,,,,,,,,,
,,,,,,,,,,,,,,,,,,,,,,,,,
,,,,,,,,,,,,,,,,,,,,,,,,,
,,,,,,,,,,,,,,,,,,,,,,,,,
,,,,,,,,,,,,,,,,,,,,,,,,,
,,,,,,,,,,,,,,,,,,,,,,,,,
,,,,,,,,,,,,,,,,,,,,,,,,,
,,,,,,,,,,,,,,,,,,,,,,,,,
,,,,,,,,,,,,,,,,,,,,,,,,,
,,,,,,,,,,,,,,,,,,,,,,,,,
,,,,,,,,,,,,,,,,,,,,,,,,,
,,,,,,,,,,,,,,,,,,,,,,,,,
,,,,,,,,,,,,,,,,,,,,,,,,,
,,,,,,,,,,,,,,,,,,,,,,,,,
,,,,,,,,,,,,,,,,,,,,,,,,,
,,,,,,,,,,,,,,,,,,,,,,,,,
,,,,,,,,,,,,,,,,,,,,,,,,,
,,,,,,,,,,,,,,,,,,,,,,,,,
,,,,,,,,,,,,,,,,,,,,,,,,,
,,,,,,,,,,,,,,,,,,,,,,,,,
,,,,,,,,,,,,,,,,,,,,,,,,,
,,,,,,,,,,,,,,,,,,,,,,,,,
,,,,,,,,,,,,,,,,,,,,,,,,,
,,,,,,,,,,,,,,,,,,,,,,,,,
,,,,,,,,,,,,,,,,,,,,,,,,,
,,,,,,,,,,,,,,,,,,,,,,,,,
,,,,,,,,,,,,,,,,,,,,,,,,,
,,,,,,,,,,,,,,,,,,,,,,,,,
,,,,,,,,,,,,,,,,,,,,,,,,,
,,,,,,,,,,,,,,,,,,,,,,,,,
,,,,,,,,,,,,,,,,,,,,,,,,,
,,,,,,,,,,,,,,,,,,,,,,,,,
,,,,,,,,,,,,,,,,,,,,,,,,,
,,,,,,,,,,,,,,,,,,,,,,,,,
,,,,,,,,,,,,,,,,,,,,,,,,,
,,,,,,,,,,,,,,,,,,,,,,,,,
,,,,,,,,,,,,,,,,,,,,,,,,,
,,,,,,,,,,,,,,,,,,,,,,,,,
,,,,,,,,,,,,,,,,,,,,,,,,,
,,,,,,,,,,,,,,,,,,,,,,,,,
,,,,,,,,,,,,,,,,,,,,,,,,,
,,,,,,,,,,,,,,,,,,,,,,,,,
,,,,,,,,,,,,,,,,,,,,,,,,,
,,,,,,,,,,,,,,,,,,,,,,,,,
,,,,,,,,,,,,,,,,,,,,,,,,,
,,,,,,,,,,,,,,,,,,,,,,,,,
,,,,,,,,,,,,,,,,,,,,,,,,,
,,,,,,,,,,,,,,,,,,,,,,,,,
,,,,,,,,,,,,,,,,,,,,,,,,,
,,,,,,,,,,,,,,,,,,,,,,,,,
,,,,,,,,,,,,,,,,,,,,,,,,,
,,,,,,,,,,,,,,,,,,,,,,,,,
,,,,,,,,,,,,,,,,,,,,,,,,,
,,,,,,,,,,,,,,,,,,,,,,,,,
,,,,,,,,,,,,,,,,,,,,,,,,,
,,,,,,,,,,,,,,,,,,,,,,,,,
,,,,,,,,,,,,,,,,,,,,,,,,,
,,,,,,,,,,,,,,,,,,,,,,,,,
,,,,,,,,,,,,,,,,,,,,,,,,,
,,,,,,,,,,,,,,,,,,,,,,,,,
,,,,,,,,,,,,,,,,,,,,,,,,,
,,,,,,,,,,,,,,,,,,,,,,,,,
,,,,,,,,,,,,,,,,,,,,,,,,,
,,,,,,,,,,,,,,,,,,,,,,,,,
,,,,,,,,,,,,,,,,,,,,,,,,,
,,,,,,,,,,,,,,,,,,,,,,,,,
,,,,,,,,,,,,,,,,,,,,,,,,,
,,,,,,,,,,,,,,,,,,,,,,,,,
,,,,,,,,,,,,,,,,,,,,,,,,,
,,,,,,,,,,,,,,,,,,,,,,,,,
,,,,,,,,,,,,,,,,,,,,,,,,,
,,,,,,,,,,,,,,,,,,,,,,,,,
,,,,,,,,,,,,,,,,,,,,,,,,,
,,,,,,,,,,,,,,,,,,,,,,,,,
,,,,,,,,,,,,,,,,,,,,,,,,,
,,,,,,,,,,,,,,,,,,,,,,,,,
,,,,,,,,,,,,,,,,,,,,,,,,,
,,,,,,,,,,,,,,,,,,,,,,,,,
,,,,,,,,,,,,,,,,,,,,,,,,,
,,,,,,,,,,,,,,,,,,,,,,,,,
,,,,,,,,,,,,,,,,,,,,,,,,,
,,,,,,,,,,,,,,,,,,,,,,,,,
,,,,,,,,,,,,,,,,,,,,,,,,,
,,,,,,,,,,,,,,,,,,,,,,,,,
,,,,,,,,,,,,,,,,,,,,,,,,,
,,,,,,,,,,,,,,,,,,,,,,,,,
,,,,,,,,,,,,,,,,,,,,,,,,,
,,,,,,,,,,,,,,,,,,,,,,,,,
,,,,,,,,,,,,,,,,,,,,,,,,,
,,,,,,,,,,,,,,,,,,,,,,,,,
,,,,,,,,,,,,,,,,,,,,,,,,,
,,,,,,,,,,,,,,,,,,,,,,,,,
,,,,,,,,,,,,,,,,,,,,,,,,,
,,,,,,,,,,,,,,,,,,,,,,,,,
,,,,,,,,,,,,,,,,,,,,,,,,,
,,,,,,,,,,,,,,,,,,,,,,,,,
,,,,,,,,,,,,,,,,,,,,,,,,,
,,,,,,,,,,,,,,,,,,,,,,,,,
,,,,,,,,,,,,,,,,,,,,,,,,,
,,,,,,,,,,,,,,,,,,,,,,,,,
,,,,,,,,,,,,,,,,,,,,,,,,,
,,,,,,,,,,,,,,,,,,,,,,,,,
,,,,,,,,,,,,,,,,,,,,,,,,,
,,,,,,,,,,,,,,,,,,,,,,,,,
,,,,,,,,,,,,,,,,,,,,,,,,,
,,,,,,,,,,,,,,,,,,,,,,,,,
,,,,,,,,,,,,,,,,,,,,,,,,,
,,,,,,,,,,,,,,,,,,,,,,,,,
,,,,,,,,,,,,,,,,,,,,,,,,,
,,,,,,,,,,,,,,,,,,,,,,,,,
,,,,,,,,,,,,,,,,,,,,,,,,,
,,,,,,,,,,,,,,,,,,,,,,,,,
,,,,,,,,,,,,,,,,,,,,,,,,,
,,,,,,,,,,,,,,,,,,,,,,,,,
,,,,,,,,,,,,,,,,,,,,,,,,,
,,,,,,,,,,,,,,,,,,,,,,,,,
,,,,,,,,,,,,,,,,,,,,,,,,,
,,,,,,,,,,,,,,,,,,,,,,,,,
,,,,,,,,,,,,,,,,,,,,,,,,,
,,,,,,,,,,,,,,,,,,,,,,,,,
,,,,,,,,,,,,,,,,,,,,,,,,,
,,,,,,,,,,,,,,,,,,,,,,,,,
,,,,,,,,,,,,,,,,,,,,,,,,,
,,,,,,,,,,,,,,,,,,,,,,,,,
,,,,,,,,,,,,,,,,,,,,,,,,,
,,,,,,,,,,,,,,,,,,,,,,,,,
,,,,,,,,,,,,,,,,,,,,,,,,,
,,,,,,,,,,,,,,,,,,,,,,,,,
,,,,,,,,,,,,,,,,,,,,,,,,,
,,,,,,,,,,,,,,,,,,,,,,,,,
,,,,,,,,,,,,,,,,,,,,,,,,,
,,,,,,,,,,,,,,,,,,,,,,,,,
,,,,,,,,,,,,,,,,,,,,,,,,,
,,,,,,,,,,,,,,,,,,,,,,,,,
,,,,,,,,,,,,,,,,,,,,,,,,,
,,,,,,,,,,,,,,,,,,,,,,,,,
,,,,,,,,,,,,,,,,,,,,,,,,,
,,,,,,,,,,,,,,,,,,,,,,,,,
,,,,,,,,,,,,,,,,,,,,,,,,,
,,,,,,,,,,,,,,,,,,,,,,,,,
,,,,,,,,,,,,,,,,,,,,,,,,,
,,,,,,,,,,,,,,,,,,,,,,,,,
,,,,,,,,,,,,,,,,,,,,,,,,,
,,,,,,,,,,,,,,,,,,,,,,,,,
,,,,,,,,,,,,,,,,,,,,,,,,,
,,,,,,,,,,,,,,,,,,,,,,,,,
,,,,,,,,,,,,,,,,,,,,,,,,,
,,,,,,,,,,,,,,,,,,,,,,,,,
,,,,,,,,,,,,,,,,,,,,,,,,,
,,,,,,,,,,,,,,,,,,,,,,,,,
,,,,,,,,,,,,,,,,,,,,,,,,,
,,,,,,,,,,,,,,,,,,,,,,,,,
,,,,,,,,,,,,,,,,,,,,,,,,,
,,,,,,,,,,,,,,,,,,,,,,,,,
,,,,,,,,,,,,,,,,,,,,,,,,,
,,,,,,,,,,,,,,,,,,,,,,,,,
,,,,,,,,,,,,,,,,,,,,,,,,,
,,,,,,,,,,,,,,,,,,,,,,,,,
,,,,,,,,,,,,,,,,,,,,,,,,,
,,,,,,,,,,,,,,,,,,,,,,,,,
,,,,,,,,,,,,,,,,,,,,,,,,,
,,,,,,,,,,,,,,,,,,,,,,,,,
,,,,,,,,,,,,,,,,,,,,,,,,,
,,,,,,,,,,,,,,,,,,,,,,,,,
,,,,,,,,,,,,,,,,,,,,,,,,,
,,,,,,,,,,,,,,,,,,,,,,,,,
,,,,,,,,,,,,,,,,,,,,,,,,,
,,,,,,,,,,,,,,,,,,,,,,,,,
,,,,,,,,,,,,,,,,,,,,,,,,,
,,,,,,,,,,,,,,,,,,,,,,,,,
,,,,,,,,,,,,,,,,,,,,,,,,,
,,,,,,,,,,,,,,,,,,,,,,,,,
,,,,,,,,,,,,,,,,,,,,,,,,,
,,,,,,,,,,,,,,,,,,,,,,,,,
,,,,,,,,,,,,,,,,,,,,,,,,,
,,,,,,,,,,,,,,,,,,,,,,,,,
,,,,,,,,,,,,,,,,,,,,,,,,,
,,,,,,,,,,,,,,,,,,,,,,,,,
,,,,,,,,,,,,,,,,,,,,,,,,,
,,,,,,,,,,,,,,,,,,,,,,,,,
,,,,,,,,,,,,,,,,,,,,,,,,,
,,,,,,,,,,,,,,,,,,,,,,,,,
,,,,,,,,,,,,,,,,,,,,,,,,,
,,,,,,,,,,,,,,,,,,,,,,,,,
,,,,,,,,,,,,,,,,,,,,,,,,,
,,,,,,,,,,,,,,,,,,,,,,,,,
,,,,,,,,,,,,,,,,,,,,,,,,,
,,,,,,,,,,,,,,,,,,,,,,,,,
,,,,,,,,,,,,,,,,,,,,,,,,,
,,,,,,,,,,,,,,,,,,,,,,,,,
,,,,,,,,,,,,,,,,,,,,,,,,,
,,,,,,,,,,,,,,,,,,,,,,,,,
,,,,,,,,,,,,,,,,,,,,,,,,,
,,,,,,,,,,,,,,,,,,,,,,,,,
,,,,,,,,,,,,,,,,,,,,,,,,,
,,,,,,,,,,,,,,,,,,,,,,,,,
,,,,,,,,,,,,,,,,,,,,,,,,,
,,,,,,,,,,,,,,,,,,,,,,,,,
,,,,,,,,,,,,,,,,,,,,,,,,,
,,,,,,,,,,,,,,,,,,,,,,,,,
,,,,,,,,,,,,,,,,,,,,,,,,,
,,,,,,,,,,,,,,,,,,,,,,,,,
,,,,,,,,,,,,,,,,,,,,,,,,,
,,,,,,,,,,,,,,,,,,,,,,,,,
,,,,,,,,,,,,,,,,,,,,,,,,,
,,,,,,,,,,,,,,,,,,,,,,,,,
,,,,,,,,,,,,,,,,,,,,,,,,,
,,,,,,,,,,,,,,,,,,,,,,,,,
,,,,,,,,,,,,,,,,,,,,,,,,,
,,,,,,,,,,,,,,,,,,,,,,,,,
,,,,,,,,,,,,,,,,,,,,,,,,,
,,,,,,,,,,,,,,,,,,,,,,,,,
,,,,,,,,,,,,,,,,,,,,,,,,,
,,,,,,,,,,,,,,,,,,,,,,,,,
,,,,,,,,,,,,,,,,,,,,,,,,,
,,,,,,,,,,,,,,,,,,,,,,,,,
,,,,,,,,,,,,,,,,,,,,,,,,,
,,,,,,,,,,,,,,,,,,,,,,,,,
,,,,,,,,,,,,,,,,,,,,,,,,,
,,,,,,,,,,,,,,,,,,,,,,,,,
,,,,,,,,,,,,,,,,,,,,,,,,,
,,,,,,,,,,,,,,,,,,,,,,,,,
,,,,,,,,,,,,,,,,,,,,,,,,,
,,,,,,,,,,,,,,,,,,,,,,,,,
,,,,,,,,,,,,,,,,,,,,,,,,,
,,,,,,,,,,,,,,,,,,,,,,,,,
,,,,,,,,,,,,,,,,,,,,,,,,,
,,,,,,,,,,,,,,,,,,,,,,,,,
,,,,,,,,,,,,,,,,,,,,,,,,,
,,,,,,,,,,,,,,,,,,,,,,,,,
,,,,,,,,,,,,,,,,,,,,,,,,,
,,,,,,,,,,,,,,,,,,,,,,,,,
,,,,,,,,,,,,,,,,,,,,,,,,,
,,,,,,,,,,,,,,,,,,,,,,,,,
,,,,,,,,,,,,,,,,,,,,,,,,,
,,,,,,,,,,,,,,,,,,,,,,,,,
,,,,,,,,,,,,,,,,,,,,,,,,,
,,,,,,,,,,,,,,,,,,,,,,,,,
,,,,,,,,,,,,,,,,,,,,,,,,,
,,,,,,,,,,,,,,,,,,,,,,,,,
,,,,,,,,,,,,,,,,,,,,,,,,,
,,,,,,,,,,,,,,,,,,,,,,,,,
,,,,,,,,,,,,,,,,,,,,,,,,,
,,,,,,,,,,,,,,,,,,,,,,,,,
,,,,,,,,,,,,,,,,,,,,,,,,,
,,,,,,,,,,,,,,,,,,,,,,,,,
,,,,,,,,,,,,,,,,,,,,,,,,,
,,,,,,,,,,,,,,,,,,,,,,,,,
,,,,,,,,,,,,,,,,,,,,,,,,,
,,,,,,,,,,,,,,,,,,,,,,,,,
,,,,,,,,,,,,,,,,,,,,,,,,,
,,,,,,,,,,,,,,,,,,,,,,,,,
,,,,,,,,,,,,,,,,,,,,,,,,,
,,,,,,,,,,,,,,,,,,,,,,,,,
,,,,,,,,,,,,,,,,,,,,,,,,,
,,,,,,,,,,,,,,,,,,,,,,,,,
,,,,,,,,,,,,,,,,,,,,,,,,,
,,,,,,,,,,,,,,,,,,,,,,,,,
,,,,,,,,,,,,,,,,,,,,,,,,,
,,,,,,,,,,,,,,,,,,,,,,,,,
,,,,,,,,,,,,,,,,,,,,,,,,,
,,,,,,,,,,,,,,,,,,,,,,,,,
,,,,,,,,,,,,,,,,,,,,,,,,,
,,,,,,,,,,,,,,,,,,,,,,,,,
,,,,,,,,,,,,,,,,,,,,,,,,,
,,,,,,,,,,,,,,,,,,,,,,,,,
,,,,,,,,,,,,,,,,,,,,,,,,,
,,,,,,,,,,,,,,,,,,,,,,,,,
,,,,,,,,,,,,,,,,,,,,,,,,,
,,,,,,,,,,,,,,,,,,,,,,,,,
,,,,,,,,,,,,,,,,,,,,,,,,,
,,,,,,,,,,,,,,,,,,,,,,,,,
,,,,,,,,,,,,,,,,,,,,,,,,,
,,,,,,,,,,,,,,,,,,,,,,,,,
,,,,,,,,,,,,,,,,,,,,,,,,,
,,,,,,,,,,,,,,,,,,,,,,,,,
,,,,,,,,,,,,,,,,,,,,,,,,,
,,,,,,,,,,,,,,,,,,,,,,,,,
,,,,,,,,,,,,,,,,,,,,,,,,,
,,,,,,,,,,,,,,,,,,,,,,,,,
,,,,,,,,,,,,,,,,,,,,,,,,,
,,,,,,,,,,,,,,,,,,,,,,,,,
,,,,,,,,,,,,,,,,,,,,,,,,,
,,,,,,,,,,,,,,,,,,,,,,,,,
,,,,,,,,,,,,,,,,,,,,,,,,,
,,,,,,,,,,,,,,,,,,,,,,,,,
,,,,,,,,,,,,,,,,,,,,,,,,,
,,,,,,,,,,,,,,,,,,,,,,,,,
,,,,,,,,,,,,,,,,,,,,,,,,,
,,,,,,,,,,,,,,,,,,,,,,,,,
,,,,,,,,,,,,,,,,,,,,,,,,,
,,,,,,,,,,,,,,,,,,,,,,,,,
,,,,,,,,,,,,,,,,,,,,,,,,,
,,,,,,,,,,,,,,,,,,,,,,,,,
,,,,,,,,,,,,,,,,,,,,,,,,,
,,,,,,,,,,,,,,,,,,,,,,,,,
,,,,,,,,,,,,,,,,,,,,,,,,,
,,,,,,,,,,,,,,,,,,,,,,,,,
,,,,,,,,,,,,,,,,,,,,,,,,,
,,,,,,,,,,,,,,,,,,,,,,,,,
,,,,,,,,,,,,,,,,,,,,,,,,,
,,,,,,,,,,,,,,,,,,,,,,,,,
,,,,,,,,,,,,,,,,,,,,,,,,,
,,,,,,,,,,,,,,,,,,,,,,,,,
,,,,,,,,,,,,,,,,,,,,,,,,,
,,,,,,,,,,,,,,,,,,,,,,,,,
,,,,,,,,,,,,,,,,,,,,,,,,,
,,,,,,,,,,,,,,,,,,,,,,,,,
,,,,,,,,,,,,,,,,,,,,,,,,,
,,,,,,,,,,,,,,,,,,,,,,,,,
,,,,,,,,,,,,,,,,,,,,,,,,,
,,,,,,,,,,,,,,,,,,,,,,,,,
,,,,,,,,,,,,,,,,,,,,,,,,,
,,,,,,,,,,,,,,,,,,,,,,,,,
,,,,,,,,,,,,,,,,,,,,,,,,,
,,,,,,,,,,,,,,,,,,,,,,,,,
,,,,,,,,,,,,,,,,,,,,,,,,,
,,,,,,,,,,,,,,,,,,,,,,,,,
,,,,,,,,,,,,,,,,,,,,,,,,,
,,,,,,,,,,,,,,,,,,,,,,,,,
,,,,,,,,,,,,,,,,,,,,,,,,,
,,,,,,,,,,,,,,,,,,,,,,,,,
,,,,,,,,,,,,,,,,,,,,,,,,,
,,,,,,,,,,,,,,,,,,,,,,,,,
,,,,,,,,,,,,,,,,,,,,,,,,,
,,,,,,,,,,,,,,,,,,,,,,,,,
,,,,,,,,,,,,,,,,,,,,,,,,,
,,,,,,,,,,,,,,,,,,,,,,,,,
,,,,,,,,,,,,,,,,,,,,,,,,,
,,,,,,,,,,,,,,,,,,,,,,,,,
,,,,,,,,,,,,,,,,,,,,,,,,,
,,,,,,,,,,,,,,,,,,,,,,,,,
,,,,,,,,,,,,,,,,,,,,,,,,,
,,,,,,,,,,,,,,,,,,,,,,,,,
,,,,,,,,,,,,,,,,,,,,,,,,,
,,,,,,,,,,,,,,,,,,,,,,,,,
,,,,,,,,,,,,,,,,,,,,,,,,,
,,,,,,,,,,,,,,,,,,,,,,,,,
,,,,,,,,,,,,,,,,,,,,,,,,,
,,,,,,,,,,,,,,,,,,,,,,,,,
,,,,,,,,,,,,,,,,,,,,,,,,,
,,,,,,,,,,,,,,,,,,,,,,,,,
,,,,,,,,,,,,,,,,,,,,,,,,,
,,,,,,,,,,,,,,,,,,,,,,,,,
,,,,,,,,,,,,,,,,,,,,,,,,,
,,,,,,,,,,,,,,,,,,,,,,,,,
,,,,,,,,,,,,,,,,,,,,,,,,,
,,,,,,,,,,,,,,,,,,,,,,,,,
,,,,,,,,,,,,,,,,,,,,,,,,,
,,,,,,,,,,,,,,,,,,,,,,,,,
,,,,,,,,,,,,,,,,,,,,,,,,,
,,,,,,,,,,,,,,,,,,,,,,,,,
,,,,,,,,,,,,,,,,,,,,,,,,,
,,,,,,,,,,,,,,,,,,,,,,,,,
,,,,,,,,,,,,,,,,,,,,,,,,,
,,,,,,,,,,,,,,,,,,,,,,,,,
,,,,,,,,,,,,,,,,,,,,,,,,,
,,,,,,,,,,,,,,,,,,,,,,,,,
,,,,,,,,,,,,,,,,,,,,,,,,,
,,,,,,,,,,,,,,,,,,,,,,,,,
,,,,,,,,,,,,,,,,,,,,,,,,,
,,,,,,,,,,,,,,,,,,,,,,,,,
,,,,,,,,,,,,,,,,,,,,,,,,,
,,,,,,,,,,,,,,,,,,,,,,,,,
,,,,,,,,,,,,,,,,,,,,,,,,,
,,,,,,,,,,,,,,,,,,,,,,,,,
,,,,,,,,,,,,,,,,,,,,,,,,,
,,,,,,,,,,,,,,,,,,,,,,,,,
,,,,,,,,,,,,,,,,,,,,,,,,,
,,,,,,,,,,,,,,,,,,,,,,,,,
,,,,,,,,,,,,,,,,,,,,,,,,,
,,,,,,,,,,,,,,,,,,,,,,,,,
,,,,,,,,,,,,,,,,,,,,,,,,,
,,,,,,,,,,,,,,,,,,,,,,,,,
,,,,,,,,,,,,,,,,,,,,,,,,,
,,,,,,,,,,,,,,,,,,,,,,,,,
,,,,,,,,,,,,,,,,,,,,,,,,,
,,,,,,,,,,,,,,,,,,,,,,,,,
,,,,,,,,,,,,,,,,,,,,,,,,,
,,,,,,,,,,,,,,,,,,,,,,,,,
,,,,,,,,,,,,,,,,,,,,,,,,,
,,,,,,,,,,,,,,,,,,,,,,,,,
,,,,,,,,,,,,,,,,,,,,,,,,,
,,,,,,,,,,,,,,,,,,,,,,,,,
,,,,,,,,,,,,,,,,,,,,,,,,,
,,,,,,,,,,,,,,,,,,,,,,,,,
,,,,,,,,,,,,,,,,,,,,,,,,,
,,,,,,,,,,,,,,,,,,,,,,,,,
,,,,,,,,,,,,,,,,,,,,,,,,,
,,,,,,,,,,,,,,,,,,,,,,,,,
,,,,,,,,,,,,,,,,,,,,,,,,,
,,,,,,,,,,,,,,,,,,,,,,,,,
,,,,,,,,,,,,,,,,,,,,,,,,,
,,,,,,,,,,,,,,,,,,,,,,,,,
,,,,,,,,,,,,,,,,,,,,,,,,,
,,,,,,,,,,,,,,,,,,,,,,,,,
,,,,,,,,,,,,,,,,,,,,,,,,,
,,,,,,,,,,,,,,,,,,,,,,,,,
,,,,,,,,,,,,,,,,,,,,,,,,,
,,,,,,,,,,,,,,,,,,,,,,,,,
,,,,,,,,,,,,,,,,,,,,,,,,,
,,,,,,,,,,,,,,,,,,,,,,,,,
,,,,,,,,,,,,,,,,,,,,,,,,,
,,,,,,,,,,,,,,,,,,,,,,,,,
,,,,,,,,,,,,,,,,,,,,,,,,,
,,,,,,,,,,,,,,,,,,,,,,,,,
,,,,,,,,,,,,,,,,,,,,,,,,,
,,,,,,,,,,,,,,,,,,,,,,,,,
,,,,,,,,,,,,,,,,,,,,,,,,,
,,,,,,,,,,,,,,,,,,,,,,,,,
,,,,,,,,,,,,,,,,,,,,,,,,,
,,,,,,,,,,,,,,,,,,,,,,,,,
,,,,,,,,,,,,,,,,,,,,,,,,,
,,,,,,,,,,,,,,,,,,,,,,,,,
,,,,,,,,,,,,,,,,,,,,,,,,,
,,,,,,,,,,,,,,,,,,,,,,,,,
,,,,,,,,,,,,,,,,,,,,,,,,,
,,,,,,,,,,,,,,,,,,,,,,,,,
,,,,,,,,,,,,,,,,,,,,,,,,,
,,,,,,,,,,,,,,,,,,,,,,,,,
,,,,,,,,,,,,,,,,,,,,,,,,,
,,,,,,,,,,,,,,,,,,,,,,,,,
,,,,,,,,,,,,,,,,,,,,,,,,,
,,,,,,,,,,,,,,,,,,,,,,,,,
,,,,,,,,,,,,,,,,,,,,,,,,,
,,,,,,,,,,,,,,,,,,,,,,,,,
,,,,,,,,,,,,,,,,,,,,,,,,,
,,,,,,,,,,,,,,,,,,,,,,,,,
,,,,,,,,,,,,,,,,,,,,,,,,,
,,,,,,,,,,,,,,,,,,,,,,,,,
,,,,,,,,,,,,,,,,,,,,,,,,,
,,,,,,,,,,,,,,,,,,,,,,,,,
,,,,,,,,,,,,,,,,,,,,,,,,,
,,,,,,,,,,,,,,,,,,,,,,,,,
,,,,,,,,,,,,,,,,,,,,,,,,,
,,,,,,,,,,,,,,,,,,,,,,,,,
,,,,,,,,,,,,,,,,,,,,,,,,,
,,,,,,,,,,,,,,,,,,,,,,,,,
,,,,,,,,,,,,,,,,,,,,,,,,,
,,,,,,,,,,,,,,,,,,,,,,,,,
,,,,,,,,,,,,,,,,,,,,,,,,,
,,,,,,,,,,,,,,,,,,,,,,,,,
,,,,,,,,,,,,,,,,,,,,,,,,,
,,,,,,,,,,,,,,,,,,,,,,,,,
,,,,,,,,,,,,,,,,,,,,,,,,,
,,,,,,,,,,,,,,,,,,,,,,,,,
,,,,,,,,,,,,,,,,,,,,,,,,,
,,,,,,,,,,,,,,,,,,,,,,,,,
,,,,,,,,,,,,,,,,,,,,,,,,,
,,,,,,,,,,,,,,,,,,,,,,,,,
,,,,,,,,,,,,,,,,,,,,,,,,,
,,,,,,,,,,,,,,,,,,,,,,,,,
,,,,,,,,,,,,,,,,,,,,,,,,,
,,,,,,,,,,,,,,,,,,,,,,,,,
,,,,,,,,,,,,,,,,,,,,,,,,,
,,,,,,,,,,,,,,,,,,,,,,,,,
,,,,,,,,,,,,,,,,,,,,,,,,,
,,,,,,,,,,,,,,,,,,,,,,,,,
,,,,,,,,,,,,,,,,,,,,,,,,,
,,,,,,,,,,,,,,,,,,,,,,,,,
,,,,,,,,,,,,,,,,,,,,,,,,,
,,,,,,,,,,,,,,,,,,,,,,,,,
,,,,,,,,,,,,,,,,,,,,,,,,,
,,,,,,,,,,,,,,,,,,,,,,,,,
,,,,,,,,,,,,,,,,,,,,,,,,,
,,,,,,,,,,,,,,,,,,,,,,,,,
